#CREATE DATABASE IF NOT EXISTS `granjavacuna`;
USE `granjavacuna`;


#
# Dumping data for table 'Acciones'
#

INSERT INTO `Acciones` (`CodAccion`, `Accion`) VALUES (1, 'Haciendas-Agregar,Seleccionar.');
INSERT INTO `Acciones` (`CodAccion`, `Accion`) VALUES (2, 'Datos Generales Hacienda');
INSERT INTO `Acciones` (`CodAccion`, `Accion`) VALUES (3, 'Inventario Rebaño');

#
# Dumping data for table 'AccNivel'
#

INSERT INTO `AccNivel` (`CodAccion`, `Nivel`) VALUES (1, 99);
INSERT INTO `AccNivel` (`CodAccion`, `Nivel`) VALUES (2, 99);
INSERT INTO `AccNivel` (`CodAccion`, `Nivel`) VALUES (3, 99);

#
# Dumping data for table 'CalculoEstadistico'
#


#
# Dumping data for table 'Chequeados_Temporal'
#

#
# Dumping data for table 'CierreInventario'
#

INSERT INTO `CierreInventario` (`CodHa`, `IdCierre`, `TipoCierre`, `FechaCierre`, `VacasMan`, `NovillasMan`, `MautasMan`, `BecerrasMan`, `TorosMan`, `NovillosMan`, `MautesMan`, `BecerrosMan`, `VacasIn`, `NovillasIn`, `MautasIn`, `BecerrasIn`, `TorosIn`, `NovillosIn`, `MautesIn`, `BecerrosIn`, `MVacas`, `MNovillas`, `MMautas`, `MBecerras`, `MToros`, `MNovillos`, `MMautes`, `MBecerros`, `VVacas`, `VNovillas`, `VMautas`, `VBecerras`, `VToros`, `VNovillos`, `VMautes`, `VBecerros`, `SVacas`, `SNovillas`, `SMautas`, `SBecerras`, `SToros`, `SNovillos`, `SMautes`, `SBecerros`, `CVacas`, `CNovillas`, `CMautas`, `CBecerras`, `CToros`, `CNovillos`, `CMautes`, `CBecerros`, `RVacas`, `RNovillas`, `RMautas`, `RBecerras`, `RToros`, `RNovillos`, `RMautes`, `RBecerros`, `DVacas`, `DNovillas`, `DMautas`, `DBecerras`, `DToros`, `DNovillos`, `DMautes`, `DBecerros`, `ANVacas`, `ANNovillas`, `ANMautas`, `ANBecerras`, `ANToros`, `ANNovillos`, `ANMautes`, `ANBecerros`, `APVacas`, `APNovillas`, `APMautas`, `APBecerras`, `APToros`, `APNovillos`, `APMautes`, `APBecerros`, `NBecerras`, `NBecerros`, `ModificadoPor`) VALUES ('000001', 1, 'M', '1996-03-31 00:00:00', -24, 0, 0, 0, 0, 0, 0, 0, 802, 202, 0, 57, 61, 0, 0, 2, 0, 0, 0, 0, 0, 0, 0, 0, 0, 0, 0, 0, 0, 0, 0, 0, 0, 0, 0, 0, 0, 0, 0, 0, 0, 0, 0, 0, 0, 0, 0, 0, 0, 0, 0, 0, 0, 0, 0, 0, 0, 0, 0, 0, 0, 0, 0, 0, 0, 0, 0, 0, 0, 0, 0, 0, 0, 0, 0, 0, 0, 0, 0, 0, 0, 0, 'Convertidor');
INSERT INTO `CierreInventario` (`CodHa`, `IdCierre`, `TipoCierre`, `FechaCierre`, `VacasMan`, `NovillasMan`, `MautasMan`, `BecerrasMan`, `TorosMan`, `NovillosMan`, `MautesMan`, `BecerrosMan`, `VacasIn`, `NovillasIn`, `MautasIn`, `BecerrasIn`, `TorosIn`, `NovillosIn`, `MautesIn`, `BecerrosIn`, `MVacas`, `MNovillas`, `MMautas`, `MBecerras`, `MToros`, `MNovillos`, `MMautes`, `MBecerros`, `VVacas`, `VNovillas`, `VMautas`, `VBecerras`, `VToros`, `VNovillos`, `VMautes`, `VBecerros`, `SVacas`, `SNovillas`, `SMautas`, `SBecerras`, `SToros`, `SNovillos`, `SMautes`, `SBecerros`, `CVacas`, `CNovillas`, `CMautas`, `CBecerras`, `CToros`, `CNovillos`, `CMautes`, `CBecerros`, `RVacas`, `RNovillas`, `RMautas`, `RBecerras`, `RToros`, `RNovillos`, `RMautes`, `RBecerros`, `DVacas`, `DNovillas`, `DMautas`, `DBecerras`, `DToros`, `DNovillos`, `DMautes`, `DBecerros`, `ANVacas`, `ANNovillas`, `ANMautas`, `ANBecerras`, `ANToros`, `ANNovillos`, `ANMautes`, `ANBecerros`, `APVacas`, `APNovillas`, `APMautas`, `APBecerras`, `APToros`, `APNovillos`, `APMautes`, `APBecerros`, `NBecerras`, `NBecerros`, `ModificadoPor`) VALUES ('000001', 2, 'M', '1996-04-30 00:00:00', -94, -20, -1, 0, -4, 0, -1, -1, 800, 194, 0, 87, 64, 0, 0, 27, 1, 0, 0, 0, 0, 0, 0, 1, 15, 0, 0, 0, 0, 0, 0, 0, 1, 0, 0, 0, 0, 0, 0, 0, 0, 0, 0, 0, 0, 0, 0, 0, 0, 0, 0, 0, 0, 0, 0, 0, 0, 0, 0, 0, 0, 0, 0, 0, 0, 0, 0, 0, 0, 0, 0, 0, 0, 0, 0, 0, 0, 0, 0, 0, 0, 0, 'Convertidor');
INSERT INTO `CierreInventario` (`CodHa`, `IdCierre`, `TipoCierre`, `FechaCierre`, `VacasMan`, `NovillasMan`, `MautasMan`, `BecerrasMan`, `TorosMan`, `NovillosMan`, `MautesMan`, `BecerrosMan`, `VacasIn`, `NovillasIn`, `MautasIn`, `BecerrasIn`, `TorosIn`, `NovillosIn`, `MautesIn`, `BecerrosIn`, `MVacas`, `MNovillas`, `MMautas`, `MBecerras`, `MToros`, `MNovillos`, `MMautes`, `MBecerros`, `VVacas`, `VNovillas`, `VMautas`, `VBecerras`, `VToros`, `VNovillos`, `VMautes`, `VBecerros`, `SVacas`, `SNovillas`, `SMautas`, `SBecerras`, `SToros`, `SNovillos`, `SMautes`, `SBecerros`, `CVacas`, `CNovillas`, `CMautas`, `CBecerras`, `CToros`, `CNovillos`, `CMautes`, `CBecerros`, `RVacas`, `RNovillas`, `RMautas`, `RBecerras`, `RToros`, `RNovillos`, `RMautes`, `RBecerros`, `DVacas`, `DNovillas`, `DMautas`, `DBecerras`, `DToros`, `DNovillos`, `DMautes`, `DBecerros`, `ANVacas`, `ANNovillas`, `ANMautas`, `ANBecerras`, `ANToros`, `ANNovillos`, `ANMautes`, `ANBecerros`, `APVacas`, `APNovillas`, `APMautas`, `APBecerras`, `APToros`, `APNovillos`, `APMautes`, `APBecerros`, `NBecerras`, `NBecerros`, `ModificadoPor`) VALUES ('000002', 3, 'M', '1996-04-30 00:00:00', 0, 0, 0, 0, 0, 0, 0, 0, 178, 1, 0, 24, 3, 0, 0, 6, 0, 0, 0, 0, 0, 0, 0, 0, 0, 0, 0, 0, 0, 0, 0, 0, 0, 0, 0, 0, 0, 0, 0, 0, 0, 0, 0, 0, 0, 0, 0, 0, 0, 0, 0, 0, 0, 0, 0, 0, 0, 0, 0, 0, 0, 0, 0, 0, 0, 0, 0, 0, 0, 0, 0, 0, 0, 0, 0, 0, 0, 0, 0, 0, 0, 0, 'Convertidor');
#
# Dumping data for table 'CierreProduccion'
#

INSERT INTO `CierreProduccion` (`IdCierre`, `EnProd1`, `EnProd2`, `EnProd3`, `EnProd4`, `EnProd5`, `NPesajeNSecado1`, `NPesajeNSecado2`, `NPesajeNSecado3`, `NPesajeNSecado4`, `NPesajeNSecado5`, `AcumProd1`, `AcumProd2`, `AcumProd3`, `AcumProd4`, `AcumProd5`, `NoSecas1`, `NoSecas2`, `NoSecas3`, `NoSecas4`, `NoSecas5`, `AcumDiasProd1`, `AcumDiasProd2`, `AcumDiasProd3`, `AcumDiasProd4`, `AcumDiasProd5`, `AcumDiasSeca1`, `AcumDiasSeca2`, `AcumDiasSeca3`, `AcumDiasSeca4`, `AcumDiasSeca5`, `No2441`, `No2442`, `No2443`, `No2444`, `No2445`, `Acum2441`, `Acum2442`, `Acum2443`, `Acum2444`, `Acum2445`, `No3051`, `No3052`, `No3053`, `No3054`, `No3055`, `Acum3051`, `Acum3052`, `Acum3053`, `Acum3054`, `Acum3055`, `AParir1`, `AParir2`, `AParir3`, `AParir4`, `AParir5`, `AParir6`, `ASecar1`, `ASecar2`, `ASecar3`, `ASecar4`, `ASecar5`, `ASecar6`, `NovAParir1`, `NovAParir2`, `NovAParir3`, `NovAParir4`, `NovAParir5`, `NovAParir6`, `DestetesM1`, `DestetesM2`, `DestetesM3`, `DestetesM4`, `DestetesM5`, `DestetesH1`, `DestetesH2`, `DestetesH3`, `DestetesH4`, `DestetesH5`, `AcumPesoDestetesM1`, `AcumPesoDestetesM2`, `AcumPesoDestetesM3`, `AcumPesoDestetesM4`, `AcumPesoDestetesM5`, `AcumPesoDestetesH1`, `AcumPesoDestetesH2`, `AcumPesoDestetesH3`, `AcumPesoDestetesH4`, `AcumPesoDestetesH5`, `AcumDiasDestetesM1`, `AcumDiasDestetesM2`, `AcumDiasDestetesM3`, `AcumDiasDestetesM4`, `AcumDiasDestetesM5`, `AcumDiasDestetesH1`, `AcumDiasDestetesH2`, `AcumDiasDestetesH3`, `AcumDiasDestetesH4`, `AcumDiasDestetesH5`) VALUES (274, 52, 73, 44, 21, 107, 8, 4, 1, 2, 6, 261.8917, 435.8582, 261.325, 128.0417, 614.6917, 13, 24, 15, 13, 32, 8185, 10596, 7009, 3267, 17561, 2203, 2832, 1571, 1149, 3169, 22, 34, 21, 17, 47, 32512.06, 59695.45, 39397.88, 35719.79, 84725.72, 9, 11, 5, 9, 11, 16149.6, 24684.44, 11925.45, 22909.69, 23362.71, 22, 14, 31, 33, 12, 17, 5, 16, 12, 10, 16, 7, 1, 0, 3, 0, 0, 0, 0, 0, 0, 0, 0, 0, 0, 0, 0, 0, 0, 0, 0, 0, 0, 0, 0, 0, 0, 0, 0, 0, 0, 0, 0, 0, 0, 0, 0, 0);
INSERT INTO `CierreProduccion` (`IdCierre`, `EnProd1`, `EnProd2`, `EnProd3`, `EnProd4`, `EnProd5`, `NPesajeNSecado1`, `NPesajeNSecado2`, `NPesajeNSecado3`, `NPesajeNSecado4`, `NPesajeNSecado5`, `AcumProd1`, `AcumProd2`, `AcumProd3`, `AcumProd4`, `AcumProd5`, `NoSecas1`, `NoSecas2`, `NoSecas3`, `NoSecas4`, `NoSecas5`, `AcumDiasProd1`, `AcumDiasProd2`, `AcumDiasProd3`, `AcumDiasProd4`, `AcumDiasProd5`, `AcumDiasSeca1`, `AcumDiasSeca2`, `AcumDiasSeca3`, `AcumDiasSeca4`, `AcumDiasSeca5`, `No2441`, `No2442`, `No2443`, `No2444`, `No2445`, `Acum2441`, `Acum2442`, `Acum2443`, `Acum2444`, `Acum2445`, `No3051`, `No3052`, `No3053`, `No3054`, `No3055`, `Acum3051`, `Acum3052`, `Acum3053`, `Acum3054`, `Acum3055`, `AParir1`, `AParir2`, `AParir3`, `AParir4`, `AParir5`, `AParir6`, `ASecar1`, `ASecar2`, `ASecar3`, `ASecar4`, `ASecar5`, `ASecar6`, `NovAParir1`, `NovAParir2`, `NovAParir3`, `NovAParir4`, `NovAParir5`, `NovAParir6`, `DestetesM1`, `DestetesM2`, `DestetesM3`, `DestetesM4`, `DestetesM5`, `DestetesH1`, `DestetesH2`, `DestetesH3`, `DestetesH4`, `DestetesH5`, `AcumPesoDestetesM1`, `AcumPesoDestetesM2`, `AcumPesoDestetesM3`, `AcumPesoDestetesM4`, `AcumPesoDestetesM5`, `AcumPesoDestetesH1`, `AcumPesoDestetesH2`, `AcumPesoDestetesH3`, `AcumPesoDestetesH4`, `AcumPesoDestetesH5`, `AcumDiasDestetesM1`, `AcumDiasDestetesM2`, `AcumDiasDestetesM3`, `AcumDiasDestetesM4`, `AcumDiasDestetesM5`, `AcumDiasDestetesH1`, `AcumDiasDestetesH2`, `AcumDiasDestetesH3`, `AcumDiasDestetesH4`, `AcumDiasDestetesH5`) VALUES (275, 223, 51, 31, 46, 120, 29, 14, 6, 1, 12, 1460.234, 363.3766, 244.5567, 343.825, 878.9885, 147, 47, 44, 36, 82, 30912, 9343, 4534, 6581, 16877, 14748, 5613, 5496, 4414, 8940, 147, 53, 42, 31, 76, 263757.8, 113723.5, 79813.73, 65723.49, 150835, 39, 20, 9, 10, 18, 88982.17, 51849.37, 20844.44, 25138.52, 46501.81, 71, 77, 55, 91, 68, 106, 10, 16, 14, 29, 34, 10, 27, 12, 9, 36, 27, 41, 15, 1, 1, 0, 2, 11, 2, 1, 0, 3, 2316, 120, 168, 0, 296, 1694, 315, 168, 0, 426, 4004, 179, 252, 0, 516, 2929, 499, 303, 0, 745);
INSERT INTO `CierreProduccion` (`IdCierre`, `EnProd1`, `EnProd2`, `EnProd3`, `EnProd4`, `EnProd5`, `NPesajeNSecado1`, `NPesajeNSecado2`, `NPesajeNSecado3`, `NPesajeNSecado4`, `NPesajeNSecado5`, `AcumProd1`, `AcumProd2`, `AcumProd3`, `AcumProd4`, `AcumProd5`, `NoSecas1`, `NoSecas2`, `NoSecas3`, `NoSecas4`, `NoSecas5`, `AcumDiasProd1`, `AcumDiasProd2`, `AcumDiasProd3`, `AcumDiasProd4`, `AcumDiasProd5`, `AcumDiasSeca1`, `AcumDiasSeca2`, `AcumDiasSeca3`, `AcumDiasSeca4`, `AcumDiasSeca5`, `No2441`, `No2442`, `No2443`, `No2444`, `No2445`, `Acum2441`, `Acum2442`, `Acum2443`, `Acum2444`, `Acum2445`, `No3051`, `No3052`, `No3053`, `No3054`, `No3055`, `Acum3051`, `Acum3052`, `Acum3053`, `Acum3054`, `Acum3055`, `AParir1`, `AParir2`, `AParir3`, `AParir4`, `AParir5`, `AParir6`, `ASecar1`, `ASecar2`, `ASecar3`, `ASecar4`, `ASecar5`, `ASecar6`, `NovAParir1`, `NovAParir2`, `NovAParir3`, `NovAParir4`, `NovAParir5`, `NovAParir6`, `DestetesM1`, `DestetesM2`, `DestetesM3`, `DestetesM4`, `DestetesM5`, `DestetesH1`, `DestetesH2`, `DestetesH3`, `DestetesH4`, `DestetesH5`, `AcumPesoDestetesM1`, `AcumPesoDestetesM2`, `AcumPesoDestetesM3`, `AcumPesoDestetesM4`, `AcumPesoDestetesM5`, `AcumPesoDestetesH1`, `AcumPesoDestetesH2`, `AcumPesoDestetesH3`, `AcumPesoDestetesH4`, `AcumPesoDestetesH5`, `AcumDiasDestetesM1`, `AcumDiasDestetesM2`, `AcumDiasDestetesM3`, `AcumDiasDestetesM4`, `AcumDiasDestetesM5`, `AcumDiasDestetesH1`, `AcumDiasDestetesH2`, `AcumDiasDestetesH3`, `AcumDiasDestetesH4`, `AcumDiasDestetesH5`) VALUES (276, 55, 92, 49, 28, 95, 9, 3, 3, 0, 5, 296.461, 607.6583, 322.46, 193.6317, 564.9, 11, 25, 18, 14, 50, 6908, 10262, 5430, 3065, 12727, 1718, 2153, 1872, 1344, 3842, 16, 30, 16, 16, 53, 24760.54, 52174.23, 30334.68, 32508.89, 90484.5, 7, 9, 5, 7, 13, 13683.68, 20347.12, 12100.67, 17638.63, 26802.77, 11, 27, 32, 12, 17, 20, 1, 4, 5, 12, 6, 1, 0, 2, 0, 0, 0, 0, 10, 6, 7, 1, 17, 13, 7, 3, 3, 14, 1620, 900, 1180, 160, 2680, 1980, 1090, 450, 500, 2160, 2835, 1720, 1983, 292, 4661, 3342, 2038, 867, 930, 3847);

#
# Dumping data for table 'CierreReproduccion'
#

INSERT INTO `CierreReproduccion` (`IdCierre`, `NovillasE`, `NovillasS`, `NovillasP`, `NovillasV`, `VacasE`, `VacasS`, `VacasP`, `VacasV`, `NovillasI1`, `NovillasI2`, `NovillasI3`, `NovillasI4`, `VacasI1`, `VacasI2`, `VacasI3`, `VacasI4`, `NovillasM1`, `NovillasM2`, `NovillasM3`, `NovillasM4`, `VacasM1`, `VacasM2`, `VacasM3`, `VacasM4`, `Novillas1I`, `Novillas2I`, `Novillas3I`, `Novillas4I`, `Novillas1M`, `Novillas2M`, `Novillas3M`, `Novillas4M`, `Vacas1I`, `Vacas2I`, `Vacas3I`, `Vacas4I`, `Vacas1M`, `Vacas2M`, `Vacas3M`, `Vacas4M`, `PartosN1`, `PartosN2`, `PartosN3`, `PartosN4`, `PartosN5`, `PartosA1`, `PartosA2`, `PartosA3`, `PartosA4`, `PartosA5`, `PartosD1`, `PartosD2`, `PartosD3`, `PartosD4`, `PartosD5`, `PartosNM1`, `PartosNM2`, `PartosNM3`, `PartosNM4`, `PartosNM5`, `PartosM1`, `PartosM2`, `PartosM3`, `PartosM4`, `PartosM5`, `PartosH1`, `PartosH2`, `PartosH3`, `PartosH4`, `PartosH5`, `PesoM1`, `PesoM2`, `PesoM3`, `PesoM4`, `PesoM5`, `PesoH1`, `PesoH2`, `PesoH3`, `PesoH4`, `PesoH5`, `RevisionesP`, `RevisionesV`, `CelosSS`, `Abortos`, `Inseminaciones`, `Montas`, `InseminacionesEspera`, `MontasEspera`, `Mir_Calculado`, `Mir_Parametro`) VALUES (1, 49, 32, 106, 15, 181, 268, 309, 44, 5, 2, 1, 0, 6, 2, 0, 3, 72, 13, 4, 9, 42, 31, 53, 172, 0, 0, 0, 0, 40, 11, 2, 0, 0, 0, 0, 0, 69, 20, 4, 28, 13, 9, 5, 7, 5, 0, 0, 0, 0, 0, 0, 0, 0, 0, 0, 0, 0, 0, 0, 0, 0, 0, 0, 0, 0, 0, 0, 0, 0, 0, 0, 0, 0, 0, 0, 0, 0, 0, 0, 0, 49, 117, 0, 0, 118, 2186, 0, 0, 0, 0);
INSERT INTO `CierreReproduccion` (`IdCierre`, `NovillasE`, `NovillasS`, `NovillasP`, `NovillasV`, `VacasE`, `VacasS`, `VacasP`, `VacasV`, `NovillasI1`, `NovillasI2`, `NovillasI3`, `NovillasI4`, `VacasI1`, `VacasI2`, `VacasI3`, `VacasI4`, `NovillasM1`, `NovillasM2`, `NovillasM3`, `NovillasM4`, `VacasM1`, `VacasM2`, `VacasM3`, `VacasM4`, `Novillas1I`, `Novillas2I`, `Novillas3I`, `Novillas4I`, `Novillas1M`, `Novillas2M`, `Novillas3M`, `Novillas4M`, `Vacas1I`, `Vacas2I`, `Vacas3I`, `Vacas4I`, `Vacas1M`, `Vacas2M`, `Vacas3M`, `Vacas4M`, `PartosN1`, `PartosN2`, `PartosN3`, `PartosN4`, `PartosN5`, `PartosA1`, `PartosA2`, `PartosA3`, `PartosA4`, `PartosA5`, `PartosD1`, `PartosD2`, `PartosD3`, `PartosD4`, `PartosD5`, `PartosNM1`, `PartosNM2`, `PartosNM3`, `PartosNM4`, `PartosNM5`, `PartosM1`, `PartosM2`, `PartosM3`, `PartosM4`, `PartosM5`, `PartosH1`, `PartosH2`, `PartosH3`, `PartosH4`, `PartosH5`, `PesoM1`, `PesoM2`, `PesoM3`, `PesoM4`, `PesoM5`, `PesoH1`, `PesoH2`, `PesoH3`, `PesoH4`, `PesoH5`, `RevisionesP`, `RevisionesV`, `CelosSS`, `Abortos`, `Inseminaciones`, `Montas`, `InseminacionesEspera`, `MontasEspera`, `Mir_Calculado`, `Mir_Parametro`) VALUES (2, 63, 13, 105, 13, 198, 225, 331, 46, 2, 0, 0, 0, 5, 3, 0, 1, 81, 10, 4, 8, 88, 25, 48, 161, 1, 0, 0, 0, 15, 13, 6, 2, 6, 0, 0, 1, 56, 25, 11, 22, 13, 13, 7, 2, 6, 0, 0, 0, 0, 0, 0, 0, 0, 0, 0, 0, 0, 0, 0, 0, 0, 0, 0, 0, 0, 0, 0, 0, 0, 0, 0, 0, 0, 0, 0, 0, 0, 0, 0, 0, 82, 161, 0, 2, 107, 2077, 0, 0, 0, 0);
INSERT INTO `CierreReproduccion` (`IdCierre`, `NovillasE`, `NovillasS`, `NovillasP`, `NovillasV`, `VacasE`, `VacasS`, `VacasP`, `VacasV`, `NovillasI1`, `NovillasI2`, `NovillasI3`, `NovillasI4`, `VacasI1`, `VacasI2`, `VacasI3`, `VacasI4`, `NovillasM1`, `NovillasM2`, `NovillasM3`, `NovillasM4`, `VacasM1`, `VacasM2`, `VacasM3`, `VacasM4`, `Novillas1I`, `Novillas2I`, `Novillas3I`, `Novillas4I`, `Novillas1M`, `Novillas2M`, `Novillas3M`, `Novillas4M`, `Vacas1I`, `Vacas2I`, `Vacas3I`, `Vacas4I`, `Vacas1M`, `Vacas2M`, `Vacas3M`, `Vacas4M`, `PartosN1`, `PartosN2`, `PartosN3`, `PartosN4`, `PartosN5`, `PartosA1`, `PartosA2`, `PartosA3`, `PartosA4`, `PartosA5`, `PartosD1`, `PartosD2`, `PartosD3`, `PartosD4`, `PartosD5`, `PartosNM1`, `PartosNM2`, `PartosNM3`, `PartosNM4`, `PartosNM5`, `PartosM1`, `PartosM2`, `PartosM3`, `PartosM4`, `PartosM5`, `PartosH1`, `PartosH2`, `PartosH3`, `PartosH4`, `PartosH5`, `PesoM1`, `PesoM2`, `PesoM3`, `PesoM4`, `PesoM5`, `PesoH1`, `PesoH2`, `PesoH3`, `PesoH4`, `PesoH5`, `RevisionesP`, `RevisionesV`, `CelosSS`, `Abortos`, `Inseminaciones`, `Montas`, `InseminacionesEspera`, `MontasEspera`, `Mir_Calculado`, `Mir_Parametro`) VALUES (3, 0, 0, 1, 0, 30, 48, 90, 10, 0, 0, 0, 0, 0, 0, 0, 0, 1, 0, 0, 0, 58, 5, 12, 15, 0, 0, 0, 0, 0, 0, 0, 0, 0, 0, 0, 0, 12, 2, 0, 0, 0, 1, 3, 0, 0, 0, 0, 0, 0, 0, 0, 0, 0, 0, 0, 0, 0, 0, 0, 0, 0, 0, 0, 0, 0, 0, 0, 0, 0, 0, 0, 0, 0, 0, 0, 0, 0, 0, 0, 0, 18, 48, 0, 0, 0, 202, 0, 0, 0, 0);

#
# Dumping data for table 'Codigos'
#

INSERT INTO `Codigos` (`CodHa`, `TipoCodigo`, `Codigo`, `DescripcionCodigo`, `FechaUltimaPostura`, `Intervalo`, `CodigoComun`, `ModificadoPor`, `DG`, `DC`, `DU`, `DD`, `DI`, `DV`) VALUES ('000001', 6, '58ZP', 'CINCO OCTAVO CEBU PRDO', NULL, NULL, 0, 'Convertidor', 1, 1, 1, 1, 1, 1);
INSERT INTO `Codigos` (`CodHa`, `TipoCodigo`, `Codigo`, `DescripcionCodigo`, `FechaUltimaPostura`, `Intervalo`, `CodigoComun`, `ModificadoPor`, `DG`, `DC`, `DU`, `DD`, `DI`, `DV`) VALUES ('ZZZZZZ', 6, '58ZP', 'CINCO OCTAVO CEBU PARDO', NULL, NULL, 1, 'Convertidor', 1, 1, 1, 1, 1, 1);
INSERT INTO `Codigos` (`CodHa`, `TipoCodigo`, `Codigo`, `DescripcionCodigo`, `FechaUltimaPostura`, `Intervalo`, `CodigoComun`, `ModificadoPor`, `DG`, `DC`, `DU`, `DD`, `DI`, `DV`) VALUES ('000001', 2, '58ZP', 'CINCO OCTAVO SUIZO/PARDO', NULL, NULL, 1, 'ROSA (25/05/2000)', 1, 1, 1, 1, 1, 1);

#
# Dumping data for table 'ComposicionRacialAnimal'
#

INSERT INTO `ComposicionRacialAnimal` (`IdDatosGeneralesAnimal`, `IdRaza`, `Porcentaje`, `ModificadoPor`) VALUES (1, 5, 62.5, 'ARTURO(18/05/2006)');
INSERT INTO `ComposicionRacialAnimal` (`IdDatosGeneralesAnimal`, `IdRaza`, `Porcentaje`, `ModificadoPor`) VALUES (1, 41, 37.5, 'ARTURO(18/05/2006)');
INSERT INTO `ComposicionRacialAnimal` (`IdDatosGeneralesAnimal`, `IdRaza`, `Porcentaje`, `ModificadoPor`) VALUES (7, 2, 62.5, 'ARTURO(06/04/2006)');

#
# Dumping data for table 'CondicionesReportes'
#

INSERT INTO `CondicionesReportes` (`IdRep`, `CodVarRep`, `TipoComparacion`, `ATexto`, `BTexto`, `ANumero`, `BNumero`, `AFecha`, `BFecha`, `SiNo`, `ModificadoPor`) VALUES (5, '011700', 205, 'Preñada', NULL, NULL, NULL, NULL, NULL, 0, 'ROSA(24/05/2005)');
INSERT INTO `CondicionesReportes` (`IdRep`, `CodVarRep`, `TipoComparacion`, `ATexto`, `BTexto`, `ANumero`, `BNumero`, `AFecha`, `BFecha`, `SiNo`, `ModificadoPor`) VALUES (5, '000500', 205, 'Vaca', NULL, NULL, NULL, NULL, NULL, 0, 'ROSA(24/05/2005)');
INSERT INTO `CondicionesReportes` (`IdRep`, `CodVarRep`, `TipoComparacion`, `ATexto`, `BTexto`, `ANumero`, `BNumero`, `AFecha`, `BFecha`, `SiNo`, `ModificadoPor`) VALUES (5, '013850', 202, NULL, NULL, 15, NULL, NULL, NULL, 0, 'ROSA(24/05/2005)');

#
# Dumping data for table 'Configuracion'
#

INSERT INTO `Configuracion` (`Actualizador`, `Version`, `Temporal1`, `Temporal2`, `FincaActiva`, `FechaReporte`, `CondCorpCom`, `VaqueraCom`, `RazaCom`, `DiagNoRepCom`, `TratNoRepCom`, `ClasificacionCom`, `PlanSanitCom`, `ColorCom`, `DiagRepCom`, `TratRepCom`, `NombreFondo`, `TituloReporteGenerico`, `Encabezado1`, `Encabezado2`, `LineaReporteGenerico`, `Lote`, `Vaquera`, `TamañoPracticosReportes`, `TamañoUnicosReportes`, `TamañoTecnicosReportes`, `ArchivoEnvioNacimientos`, `ArchivoEnvioEstado`, `ArchivoEnvioVaqueras`, `ArchivoEnvioSemen`, `ArchivoRecepcion`, `ArchivoConfirmacion`, `ArchivoError`, `FechaUltimoRespaldo`, `PeriodicidadRespaldo`, `SugerirBarridos`, `EntradaVientres`, `EntradaNoVientres`, `EntradaToros`, `EntradaArbol`, `EntradaTecnicos`, `EntradaDGA`) VALUES (1, '5.1', 'La Macarena', 'A G R O U N I C A', '000001', '2009-01-21 00:00:00', 0, 0, 0, 0, 0, 0, 0, 0, 0, 0, '', 'Proximas a parir', '       N°       Últi.        Últ.   Últ.Revi. Fecha Prox. Días al     Diag  ', '     Ani.    Par/Abor    Servicio                   Parto Prox.Pa ________  ', '----------------------------------------------------------------------------', 1, 'Vaquera: 2da. VAQUERA - PREÑADAS.', 12, 12, 12, NULL, NULL, NULL, NULL, NULL, NULL, NULL, '2009-01-20 00:00:00', 7, 0, 0, 0, 0, 0, 0, 0);
# 1 records

#
# Dumping data for table 'ConfiguracionReportes'
#

INSERT INTO `ConfiguracionReportes` (`IdRep`, `TipoReporte`, `CodRep`, `DescripcionReporte`, `SoloImpresora`, `SaltoLinea`, `EspacioEntreColumnas`, `Resumen`, `Externo`, `ModificadoPor`, `ReporteComun`, `NombreReporteExterno`, `QuienVa`, `CuantosVan`, `SQL`, `TamañoFuente`, `PapelVertical`, `TamañoPapel`) VALUES (3, 'VI', 2, 'Vacuna Triple ULTRA CHOUSE', 0, 1, 1, 0, 0, 'ILVA(24/08/2006)', 0, '', 'T', 0, 'SELECT (RIGHT([DatosGeneralesAnimal].[Practico], 6)) AS Practico, Format([ResumenHistoricoReproduccion].[FecUltPartoAborto],\'dd/mm/yyyy\'), [ResumenHistoricoReproduccion].[SexoCria1], (RIGHT(STRING(3, \' \') & FORMAT((DateSerial(2006, 9, 6) - [ResumenHistoricoReproduccion].[FecUltPartoAborto]), \'#,##0\'), 3)) AS DiasParidaActual, Format([ResumenHistoricoReproduccion].[FecUltServicio],\'dd/mm/yyyy\'), Format([ResumenHistoricoReproduccion].[FecUltExamen],\'dd/mm/yyyy\'), (RIGHT(STRING(2, \' \') & FORMAT([ResumenHistoricoReproduccion].[NoPartos], \'#,##0\'), 2)) AS NoPartos, [ResumenHistoricoReproduccion].[EstadoReproductivo], [ResumenHistoricoCambios].[CodigoUltCambioV] FROM (DatosGeneralesAnimal INNER JOIN ResumenHistoricoReproduccion ON (DatosGeneralesAnimal.CodHa = ResumenHistoricoReproduccion.CodHa And DatosGeneralesAnimal.Unico = ResumenHistoricoReproduccion.Unico)) INNER JOIN ResumenHistoricoCambios ON (DatosGeneralesAnimal.CodHa = ResumenHistoricoCambios.CodHa And DatosGeneralesAnimal.Unico = ResumenHistoricoCambios.Unico) WHERE ((DatosGeneralesAnimal.CodHa) = \'000001\') And ((DatosGeneralesAnimal.Eliminado) = False) And ((DatosGeneralesAnimal.Inscrito) = True) And ((DatosGeneralesAnimal.Estado) = \'Vaca\' Or (DatosGeneralesAnimal.Estado) = \'Novilla\') ORDER BY [DatosGeneralesAnimal].[Practico], (DateSerial(2006, 9, 6) - [ResumenHistoricoReproduccion].[FecUltPartoAborto]);', 10, 0, 1);
INSERT INTO `ConfiguracionReportes` (`IdRep`, `TipoReporte`, `CodRep`, `DescripcionReporte`, `SoloImpresora`, `SaltoLinea`, `EspacioEntreColumnas`, `Resumen`, `Externo`, `ModificadoPor`, `ReporteComun`, `NombreReporteExterno`, `QuienVa`, `CuantosVan`, `SQL`, `TamañoFuente`, `PapelVertical`, `TamañoPapel`) VALUES (4, 'VI', 3, 'Vacas Secas', 0, 1, NULL, 0, 0, 'ROSA(10/11/2008)', 0, '', 'T', 0, 'SELECT (RIGHT([DatosGeneralesAnimal].[Practico], 6)) AS Practico, (RIGHT(STRING(2, \' \') & FORMAT([ResumenHistoricoReproduccion].[NoLactancias], \'#,##0\'), 2)) AS NoLactancias, (RIGHT(STRING(2, \' \') & FORMAT([ResumenHistoricoReproduccion].[NoPartos], \'#,##0\'), 2)) AS NoPartos, Format([ResumenPesajesDeLeche].[FechaComienzo],\'dd/mm/yyyy\'), Format([ResumenPesajesDeLeche].[FechaUltPesaje],\'dd/mm/yyyy\'), Format([ResumenPesajesDeLeche].[FechaSecado],\'dd/mm/yyyy\'), (RIGHT(STRING(3, \' \') & FORMAT([ResumenPesajesDeLeche].[DiasProdAct], \'#,##0\'), 3)) AS DiasProdAct, (RIGHT(STRING(10, \' \') & FORMAT([ResumenPesajesDeLeche].[Prod244Act], \'#,##0\'), 10)) AS Prod244Act, (RIGHT(STRING(10, \' \') & FORMAT([ResumenPesajesDeLeche].[Prod305Act], \'#,##0\'), 10)) AS Prod305Act, (RIGHT(STRING(3, \' \') & FORMAT((DateSerial(2008, 11, 10) - [ResumenPesajesDeLeche].[FechaSecado]), \'#,##0\'), 3)) AS DiasSecaAct, [ResumenHistoricoReproduccion].[EstadoReproductivo] FROM (DatosGeneralesAnimal INNER JOIN ResumenHistoricoReproduccion ON (DatosGeneralesAnimal.CodHa = ResumenHistoricoReproduccion.CodHa And DatosGeneralesAnimal.Unico = ResumenHistoricoReproduccion.Unico)) INNER JOIN ResumenPesajesDeLeche ON (DatosGeneralesAnimal.CodHa = ResumenPesajesDeLeche.CodHa And DatosGeneralesAnimal.Unico = ResumenPesajesDeLeche.Unico) WHERE ((DatosGeneralesAnimal.CodHa) = \'000001\') And ((DatosGeneralesAnimal.Eliminado) = False) And ((DatosGeneralesAnimal.Inscrito) = True) And ((DatosGeneralesAnimal.Estado) = \'Vaca\' Or (DatosGeneralesAnimal.Estado) = \'Novilla\') ORDER BY [DatosGeneralesAnimal].[Practico], (DateSerial(2008, 11, 10) - [ResumenHistoricoReproduccion].[FecUltPartoAborto]);', 10, 1, 1);
INSERT INTO `ConfiguracionReportes` (`IdRep`, `TipoReporte`, `CodRep`, `DescripcionReporte`, `SoloImpresora`, `SaltoLinea`, `EspacioEntreColumnas`, `Resumen`, `Externo`, `ModificadoPor`, `ReporteComun`, `NombreReporteExterno`, `QuienVa`, `CuantosVan`, `SQL`, `TamañoFuente`, `PapelVertical`, `TamañoPapel`) VALUES (5, 'VI', 4, 'Vacas a Secar por Preñez', 0, 1, NULL, 0, 0, 'ROSA(24/05/2005)', 0, '', 'T', 0, 'SELECT (RIGHT([DatosGeneralesAnimal].[Practico], 1)) AS Practico, Format([ResumenHistoricoReproduccion].[FecUltPartoAborto],\'dd/mm/yyyy\'), [ResumenHistoricoReproduccion].[TipoPartoAborto], (RIGHT(STRING(1, \' \') & ([ResumenHistoricoReproduccion].[FecUltServicio] +  IIf(EstadoReproductivo = \'Preñada\' And isNull(ResumenPesajesDeLeche.FechaSecado),225,Null)), 1)) AS FecProximoSecado, (RIGHT(STRING(1, \' \') & FORMAT(IIf(EstadoReproductivo = \'Preñada\' And isNull(ResumenPesajesDeLeche.FechaSecado),(FecUltServicio + 225),Null) - DateSerial(2008, 11, 26), \'#,##0\'), 1)) AS DiasProximoSecado, (RIGHT(STRING(1, \' \') & FORMAT(IIf(EstadoReproductivo = \'Preñada\',(FecUltServicio + 285),Null) - DateSerial(2008, 11, 26), \'#,##0\'), 1)) AS DiasProximoParto, (RIGHT(STRING(1, \' \') & ([ResumenHistoricoReproduccion].[FecUltServicio] +  IIf(EstadoReproductivo = \'Preñada\',285,Null)), 1)) AS FecProximoParto, (RIGHT(STRING(1, \' \') & FORMAT(([ResumenPesajesDeLeche].[ProdTotalAct] / IIF([ResumenPesajesDeLeche].[DiasProdAct]=0,1,[ResumenPesajesDeLeche].[DiasProdAct])), \'#,##0.00\'), 1)) AS PromUltLact FROM ((DatosGeneralesAnimal INNER JOIN ResumenHistoricoReproduccion ON (DatosGeneralesAnimal.CodHa = ResumenHistoricoReproduccion.CodHa And DatosGeneralesAnimal.Unico = ResumenHistoricoReproduccion.Unico)) INNER JOIN ResumenPesajesDeLeche ON (DatosGeneralesAnimal.CodHa = ResumenPesajesDeLeche.CodHa And DatosGeneralesAnimal.Unico = ResumenPesajesDeLeche.Unico)) INNER JOIN ResumenHistoricoCambios ON (DatosGeneralesAnimal.CodHa = ResumenHistoricoCambios.CodHa And DatosGeneralesAnimal.Unico = ResumenHistoricoCambios.Unico) WHERE ((DatosGeneralesAnimal.CodHa) = \'000001\') And ((DatosGeneralesAnimal.Eliminado) = False) And ((DatosGeneralesAnimal.Inscrito) = True) And ((DatosGeneralesAnimal.Estado) = \'Vaca\' Or (DatosGeneralesAnimal.Estado) = \'Novilla\') And ([ResumenHistoricoReproduccion].[EstadoReproductivo] = \'Preñada\') And ([DatosGeneralesAnimal].[Estado] = \'Vaca\') And (IIf(EstadoReproductivo = \'Preñada\' And isNull(ResumenPesajesDeLeche.FechaSecado),(FecUltServicio + 225),Null) - DateSerial(2008, 11, 26) <= 15) And ([ResumenHistoricoCambios].[CodigoUltCambioV] = \'  N1\')  ORDER BY [DatosGeneralesAnimal].[Practico], (DateSerial(2008, 11, 26) - [ResumenHistoricoReproduccion].[FecUltPartoAborto]);', 10, 1, 1);

#
# Dumping data for table 'DatosGeneralesAnimal'
#

INSERT INTO `DatosGeneralesAnimal` (`IDDatosGeneralesAnimal`, `CodHa`, `Unico`, `Practico`, `NombreAnimal`, `Raza`, `Sexo`, `Estado`, `ProcedenciaAnimal`, `NumeroRegistro`, `FechaRegistro`, `AsociacionRegistro`, `UnicoPadre`, `UnicoMadre`, `ComentarioArbol`, `Color`, `Clasificacion`, `Tetas`, `Foto`, `ImagenAnimal`, `ComentarioActual`, `FechaComentarioActual`, `OrigenNacimiento`, `Portadora`, `NumeroPartoMadre`, `CruceAnimal`, `TipoExplotacion`, `Descartado`, `FechaNacimiento`, `Inscrito`, `Eliminado`, `ArbolComun`, `ModificadoPor`, `ToroComun`, `VaEnReporte`, `IdentificadorElectronico`, `ComposicionRacial`, `OrigenDatos`, `Ganadoble`, `P244Madre`, `P305Madre`, `UnicoAbuelaMaterna`, `P244AbuelaMaterna`, `P305AbuelaMaterna`, `Registro`, `NivelRegistro`) VALUES (1, '000001', '           1', '           1', '', '5/8P', 'Hembra', 'Vaca', '', '', NULL, '', NULL, NULL, '24-10-97.OXI.L.A.21-11-97.2DA DOSIS', NULL, '5/8P', 4, '', NULL, NULL, NULL, 'Insemin', NULL, 1, '          BR', 'Doble', 0, NULL, 0, 1, 1, 'Convertidor', 0, 0, '                    ', 'PS62ZI37', 0, '', NULL, NULL, NULL, NULL, NULL, 0, NULL);
INSERT INTO `DatosGeneralesAnimal` (`IDDatosGeneralesAnimal`, `CodHa`, `Unico`, `Practico`, `NombreAnimal`, `Raza`, `Sexo`, `Estado`, `ProcedenciaAnimal`, `NumeroRegistro`, `FechaRegistro`, `AsociacionRegistro`, `UnicoPadre`, `UnicoMadre`, `ComentarioArbol`, `Color`, `Clasificacion`, `Tetas`, `Foto`, `ImagenAnimal`, `ComentarioActual`, `FechaComentarioActual`, `OrigenNacimiento`, `Portadora`, `NumeroPartoMadre`, `CruceAnimal`, `TipoExplotacion`, `Descartado`, `FechaNacimiento`, `Inscrito`, `Eliminado`, `ArbolComun`, `ModificadoPor`, `ToroComun`, `VaEnReporte`, `IdentificadorElectronico`, `ComposicionRacial`, `OrigenDatos`, `Ganadoble`, `P244Madre`, `P305Madre`, `UnicoAbuelaMaterna`, `P244AbuelaMaterna`, `P305AbuelaMaterna`, `Registro`, `NivelRegistro`) VALUES (2, '000001', '           2', '           2', '', '3/4P', 'Hembra', 'Vaca', '', '', NULL, '', NULL, NULL, '', NULL, '5/8P', 4, '', NULL, NULL, NULL, 'Monta', NULL, 1, '          BR', 'Doble', 0, NULL, 0, 1, 1, 'Convertidor', 0, 0, '                    ', '', 0, NULL, NULL, NULL, NULL, NULL, NULL, 0, NULL);
INSERT INTO `DatosGeneralesAnimal` (`IDDatosGeneralesAnimal`, `CodHa`, `Unico`, `Practico`, `NombreAnimal`, `Raza`, `Sexo`, `Estado`, `ProcedenciaAnimal`, `NumeroRegistro`, `FechaRegistro`, `AsociacionRegistro`, `UnicoPadre`, `UnicoMadre`, `ComentarioArbol`, `Color`, `Clasificacion`, `Tetas`, `Foto`, `ImagenAnimal`, `ComentarioActual`, `FechaComentarioActual`, `OrigenNacimiento`, `Portadora`, `NumeroPartoMadre`, `CruceAnimal`, `TipoExplotacion`, `Descartado`, `FechaNacimiento`, `Inscrito`, `Eliminado`, `ArbolComun`, `ModificadoPor`, `ToroComun`, `VaEnReporte`, `IdentificadorElectronico`, `ComposicionRacial`, `OrigenDatos`, `Ganadoble`, `P244Madre`, `P305Madre`, `UnicoAbuelaMaterna`, `P244AbuelaMaterna`, `P305AbuelaMaterna`, `Registro`, `NivelRegistro`) VALUES (3, '000001', '           9', '           9', '', '1/2P', 'Hembra', 'Vaca', '', '', NULL, '', NULL, NULL, '', NULL, '58PB', 4, '', NULL, 'Excenel, For2', '2003-12-05 00:00:00', 'Insemin', NULL, 1, '      F1 PBR', 'Doble', 0, NULL, 0, 1, 1, 'Convertidor', 0, 0, '                    ', NULL, 0, NULL, NULL, NULL, NULL, NULL, NULL, 0, NULL);
#
# Dumping data for table 'Grupos_Otras_Variables'
#

#
# Dumping data for table 'Haciendas'
#

INSERT INTO `Haciendas` (`Serial1`, `Serial2`, `CodHa`, `ClaveHa`, `NombreHa`, `Propietario`, `Ubicacion`, `AreaTotal`, `AreaPasto`, `AreaInfra`, `AreaOtros`, `AreaSinCult`, `VacasIn`, `NovillasIn`, `MautasIn`, `BecerrasIn`, `TorosIn`, `NovillosIn`, `MautesIn`, `BecerrosIn`, `VacasMan`, `NovillasMan`, `MautasMan`, `BecerrasMan`, `TorosMan`, `NovillosMan`, `MautesMan`, `BecerrosMan`, `RevisionPostServicio`, `RevisionPostParto`, `DiasSecadoPreparto`, `LimiteAbortoAB`, `DiasEntreRevisiones`, `NumeroOrdeños`, `DiasProximoParto`, `DiasProximoCelo`, `PromEdad1ServicioE`, `PromEdad1PartoE`, `PromParto1CeloE`, `PromParto1ServicioE`, `PromDiasGestacionE`, `PromPartoConcepE`, `PromPartoPartoE`, `Prom1ServicioConcepE`, `PromDiasEntreCelosE`, `PromInsConcepE`, `PromMonConcepE`, `PromSerConcepE`, `PromRevEntrePartosE`, `PromDiasEntreRevE`, `PromEdad1ServicioC`, `PromEdad1PartoC`, `PromParto1CeloC`, `PromParto1ServicioC`, `PromDiasGestacionC`, `PromPartoConcepC`, `PromPartoPartoC`, `Prom1ServicioConcepC`, `PromDiasEntreCelosC`, `PromInsConcepC`, `PromMonConcepC`, `PromSerConcepC`, `PromRevEntrePartosC`, `PromDiasEntreRevC`, `PromDiasLactanciaE`, `PromDiasSecaE`, `Prom244E`, `Prom305E`, `PromProdTotalE`, `PromProdEntrePartosE`, `PromDiasLactanciaC`, `PromDiasSecaC`, `Prom244C`, `Prom305C`, `PromProdTotalC`, `PromProdEntrePartosC`, `VaqueraCom`, `RazaCom`, `ColorCom`, `DiagRepCom`, `TratRepCom`, `ClasificacionCom`, `TecnicoCom`, `ToroCom`, `CondCorpCom`, `ArbolCom`, `PlanSanitCom`, `PracticoIgualUnico`, `InscripcionBecerro`, `InscripcionBecerra`, `SecadoDesteteAuto`, `CambioEstadoPesoAuto`, `DiagPreñada`, `DiagEspera`, `UsoFactorPesaje`, `Peso205ME`, `Peso365ME`, `Peso18ME`, `Peso24ME`, `PesoNacME`, `PesoDesME`, `Peso205HE`, `Peso365HE`, `Peso18HE`, `Peso24HE`, `PesoNacHE`, `PesoDesHE`, `Peso205MC`, `Peso365MC`, `Peso18MC`, `Peso24MC`, `PesoNacMC`, `PesoDesMC`, `Peso205HC`, `Peso365HC`, `Peso18HC`, `Peso24HC`, `PesoNacHC`, `PesoDesHC`, `Altura205ME`, `Altura365ME`, `Altura18ME`, `Altura24ME`, `AlturaNacME`, `AlturaDesME`, `Altura205HE`, `Altura365HE`, `Altura18HE`, `Altura24HE`, `AlturaNacHE`, `AlturaDesHE`, `Altura205MC`, `Altura365MC`, `Altura18MC`, `Altura24MC`, `AlturaNacMC`, `AlturaDesMC`, `Altura205HC`, `Altura365HC`, `Altura18HC`, `Altura24HC`, `AlturaNacHC`, `AlturaDesHC`, `DiagNoRepCom`, `TratNoRepCom`, `MinimaGestacion`, `MaximaGestacion`, `PesoMauta`, `PesoMaute`, `PesoNovillo`, `InventarioAuto`, `FechaEstadisticaProduccion`, `FechaEstadisticaReproduccion`, `FechaEstadisticaCrecimiento`, `MaxProdVacaAvio`, `TecnicoPredeterminado`, `ProxCriaM`, `ProxCriaH`, `VaqVacaParto`, `VaqVacaSecado`, `VaqVacaPreñada`, `VaqNovillaParto`, `VaqNovillaPreñada`, `VaqCriaMParto`, `VaqCriaHParto`, `VaqCriaMDestete`, `VaqCriaHDestete`, `NumeroCorridoMachos`, `NumeroCorridoHembras`, `ToroIndeterminado`, `TecnicoIndeterminado`, `PromGanEntrePartosE`, `PromGanEntrePartosC`, `CambiarBecerroConMadre`, `SAP`, `ChequearPorCelos`, `DiasCelos`, `ChequearPorCitas`, `DiasCitas`, `ChequearPorPlanes`, `DiasPlanes`, `ChequearPorPartos`, `DiasPartos`, `ChequearPorSecados`, `DiasSecados`, `MesesCrias`, `AsociacionRegistro`, `CodigoGanadoble`, `DiasInactividad`, `ChequearDiasInactividad`) VALUES ('3554332928', '1450223907', '000001', '12345', 'La Macarena', 'A G R O U N I C A', 'STA.ISABEL VIA LA GOLFO.ED.TRU', 815, 600, 15, 105, 95, 782, 357, 23, 249, 16, 0, 3150, 240, 778, 357, 23, 248, 14, 2, 71, 235, 60, 30, 60, 152, 30, 2, 285, 57, 30, 39, 103, 103, 282, 159, 442, 96, 96, 1.392857, 1.491865, 1.899091, 3.442981, 82, 30, 39, 103, 103, 282, 159, 442, 96, 96, 1.392857, 1.491865, 1.899091, 3.442981, 82, 275, 166, 1891.25, 2348.04, 1975.88, 4.57687, 304, 164, 1840.17, 2264.34, 2055.8, 4.4272, 0, 1, 1, 1, 1, 0, 1, 1, 1, 1, 1, 1, 1, 1, 1, 0, '   P', '   E', 0, 0, 0, 0, 0, 0, 0, 0, 0, 0, 0, 0, 0, 122.29, 166.62, 1, 1, 31.33, 155.13, 115.95, 178.28, 245.42, 305.67, 29.87, 149.41, 0, 0, 0, 0, 0, 0, 0, 0, 0, 0, 0, 0, 1, 1, 1, 1, 1, 1, 1, 1, 1, 1, 12, 1, 1, 1, 240, 300, 170, 290, 300, 1, '2004-10-05 00:00:00', '2008-04-16 00:00:00', NULL, 30, NULL, NULL, NULL, NULL, NULL, NULL, NULL, NULL, NULL, NULL, NULL, NULL, 0, 0, '  INDEFINIDO', ' DESCONOCIDO', 391, 345, 1, 0, 0, 7, 0, 21, 1, 30, 1, 15, 1, 15, 30, 'SOGATRU', NULL, 60, 1);
INSERT INTO `Haciendas` (`Serial1`, `Serial2`, `CodHa`, `ClaveHa`, `NombreHa`, `Propietario`, `Ubicacion`, `AreaTotal`, `AreaPasto`, `AreaInfra`, `AreaOtros`, `AreaSinCult`, `VacasIn`, `NovillasIn`, `MautasIn`, `BecerrasIn`, `TorosIn`, `NovillosIn`, `MautesIn`, `BecerrosIn`, `VacasMan`, `NovillasMan`, `MautasMan`, `BecerrasMan`, `TorosMan`, `NovillosMan`, `MautesMan`, `BecerrosMan`, `RevisionPostServicio`, `RevisionPostParto`, `DiasSecadoPreparto`, `LimiteAbortoAB`, `DiasEntreRevisiones`, `NumeroOrdeños`, `DiasProximoParto`, `DiasProximoCelo`, `PromEdad1ServicioE`, `PromEdad1PartoE`, `PromParto1CeloE`, `PromParto1ServicioE`, `PromDiasGestacionE`, `PromPartoConcepE`, `PromPartoPartoE`, `Prom1ServicioConcepE`, `PromDiasEntreCelosE`, `PromInsConcepE`, `PromMonConcepE`, `PromSerConcepE`, `PromRevEntrePartosE`, `PromDiasEntreRevE`, `PromEdad1ServicioC`, `PromEdad1PartoC`, `PromParto1CeloC`, `PromParto1ServicioC`, `PromDiasGestacionC`, `PromPartoConcepC`, `PromPartoPartoC`, `Prom1ServicioConcepC`, `PromDiasEntreCelosC`, `PromInsConcepC`, `PromMonConcepC`, `PromSerConcepC`, `PromRevEntrePartosC`, `PromDiasEntreRevC`, `PromDiasLactanciaE`, `PromDiasSecaE`, `Prom244E`, `Prom305E`, `PromProdTotalE`, `PromProdEntrePartosE`, `PromDiasLactanciaC`, `PromDiasSecaC`, `Prom244C`, `Prom305C`, `PromProdTotalC`, `PromProdEntrePartosC`, `VaqueraCom`, `RazaCom`, `ColorCom`, `DiagRepCom`, `TratRepCom`, `ClasificacionCom`, `TecnicoCom`, `ToroCom`, `CondCorpCom`, `ArbolCom`, `PlanSanitCom`, `PracticoIgualUnico`, `InscripcionBecerro`, `InscripcionBecerra`, `SecadoDesteteAuto`, `CambioEstadoPesoAuto`, `DiagPreñada`, `DiagEspera`, `UsoFactorPesaje`, `Peso205ME`, `Peso365ME`, `Peso18ME`, `Peso24ME`, `PesoNacME`, `PesoDesME`, `Peso205HE`, `Peso365HE`, `Peso18HE`, `Peso24HE`, `PesoNacHE`, `PesoDesHE`, `Peso205MC`, `Peso365MC`, `Peso18MC`, `Peso24MC`, `PesoNacMC`, `PesoDesMC`, `Peso205HC`, `Peso365HC`, `Peso18HC`, `Peso24HC`, `PesoNacHC`, `PesoDesHC`, `Altura205ME`, `Altura365ME`, `Altura18ME`, `Altura24ME`, `AlturaNacME`, `AlturaDesME`, `Altura205HE`, `Altura365HE`, `Altura18HE`, `Altura24HE`, `AlturaNacHE`, `AlturaDesHE`, `Altura205MC`, `Altura365MC`, `Altura18MC`, `Altura24MC`, `AlturaNacMC`, `AlturaDesMC`, `Altura205HC`, `Altura365HC`, `Altura18HC`, `Altura24HC`, `AlturaNacHC`, `AlturaDesHC`, `DiagNoRepCom`, `TratNoRepCom`, `MinimaGestacion`, `MaximaGestacion`, `PesoMauta`, `PesoMaute`, `PesoNovillo`, `InventarioAuto`, `FechaEstadisticaProduccion`, `FechaEstadisticaReproduccion`, `FechaEstadisticaCrecimiento`, `MaxProdVacaAvio`, `TecnicoPredeterminado`, `ProxCriaM`, `ProxCriaH`, `VaqVacaParto`, `VaqVacaSecado`, `VaqVacaPreñada`, `VaqNovillaParto`, `VaqNovillaPreñada`, `VaqCriaMParto`, `VaqCriaHParto`, `VaqCriaMDestete`, `VaqCriaHDestete`, `NumeroCorridoMachos`, `NumeroCorridoHembras`, `ToroIndeterminado`, `TecnicoIndeterminado`, `PromGanEntrePartosE`, `PromGanEntrePartosC`, `CambiarBecerroConMadre`, `SAP`, `ChequearPorCelos`, `DiasCelos`, `ChequearPorCitas`, `DiasCitas`, `ChequearPorPlanes`, `DiasPlanes`, `ChequearPorPartos`, `DiasPartos`, `ChequearPorSecados`, `DiasSecados`, `MesesCrias`, `AsociacionRegistro`, `CodigoGanadoble`, `DiasInactividad`, `ChequearDiasInactividad`) VALUES ('4557634489', '1454793407', '000002', '12345', 'El Remanso', 'Agropecuaria El Remanso, C.A.', '(061) 910797 / 525749', 0, 0, 0, 0, 0, 451, 1, 453, 147, 6, 0, 2009, 149, 453, 1, 417, 147, 6, 0, 352, 149, 60, 30, 60, 152, 30, 2, 282, 77, 29, 43, 93, 94, 283, 144, 432, 100, 103, 1.30665, 1.61878, 1.96008, 3.71368, 76, 940, 43, 4, 115, 282, 184, 476, 135, 77, 1.3, 1.9, 2.1, 3.6, 71, 0, 0, 0, 0, 0, 0, 285, 189, 1587, 1758, 1815, 5, 0, 1, 1, 1, 1, 1, 1, 1, 1, 1, 1, 0, 1, 1, 1, 0, '   P', '   E', 0, 0, 0, 0, 0, 0, 0, 0, 0, 0, 0, 0, 0, 1, 1, 1, 1, 1, 1, 1, 1, 1, 1, 1, 1, 0, 0, 0, 0, 0, 0, 0, 0, 0, 0, 0, 0, 75, 100, 130, 150, 50, 90, 75, 100, 130, 150, 50, 90, 1, 1, 240, 300, 170, 290, 0, 1, NULL, '2003-11-25 00:00:00', NULL, 30, NULL, NULL, NULL, NULL, NULL, NULL, NULL, NULL, NULL, NULL, NULL, NULL, 0, 0, '  INDEFINIDO', ' DESCONOCIDO', 0, 450, 1, 0, 1, 7, 1, 1, 1, 30, 1, 15, 1, 15, 30, 'SOGATRU', NULL, 60, 1);
INSERT INTO `Haciendas` (`Serial1`, `Serial2`, `CodHa`, `ClaveHa`, `NombreHa`, `Propietario`, `Ubicacion`, `AreaTotal`, `AreaPasto`, `AreaInfra`, `AreaOtros`, `AreaSinCult`, `VacasIn`, `NovillasIn`, `MautasIn`, `BecerrasIn`, `TorosIn`, `NovillosIn`, `MautesIn`, `BecerrosIn`, `VacasMan`, `NovillasMan`, `MautasMan`, `BecerrasMan`, `TorosMan`, `NovillosMan`, `MautesMan`, `BecerrosMan`, `RevisionPostServicio`, `RevisionPostParto`, `DiasSecadoPreparto`, `LimiteAbortoAB`, `DiasEntreRevisiones`, `NumeroOrdeños`, `DiasProximoParto`, `DiasProximoCelo`, `PromEdad1ServicioE`, `PromEdad1PartoE`, `PromParto1CeloE`, `PromParto1ServicioE`, `PromDiasGestacionE`, `PromPartoConcepE`, `PromPartoPartoE`, `Prom1ServicioConcepE`, `PromDiasEntreCelosE`, `PromInsConcepE`, `PromMonConcepE`, `PromSerConcepE`, `PromRevEntrePartosE`, `PromDiasEntreRevE`, `PromEdad1ServicioC`, `PromEdad1PartoC`, `PromParto1CeloC`, `PromParto1ServicioC`, `PromDiasGestacionC`, `PromPartoConcepC`, `PromPartoPartoC`, `Prom1ServicioConcepC`, `PromDiasEntreCelosC`, `PromInsConcepC`, `PromMonConcepC`, `PromSerConcepC`, `PromRevEntrePartosC`, `PromDiasEntreRevC`, `PromDiasLactanciaE`, `PromDiasSecaE`, `Prom244E`, `Prom305E`, `PromProdTotalE`, `PromProdEntrePartosE`, `PromDiasLactanciaC`, `PromDiasSecaC`, `Prom244C`, `Prom305C`, `PromProdTotalC`, `PromProdEntrePartosC`, `VaqueraCom`, `RazaCom`, `ColorCom`, `DiagRepCom`, `TratRepCom`, `ClasificacionCom`, `TecnicoCom`, `ToroCom`, `CondCorpCom`, `ArbolCom`, `PlanSanitCom`, `PracticoIgualUnico`, `InscripcionBecerro`, `InscripcionBecerra`, `SecadoDesteteAuto`, `CambioEstadoPesoAuto`, `DiagPreñada`, `DiagEspera`, `UsoFactorPesaje`, `Peso205ME`, `Peso365ME`, `Peso18ME`, `Peso24ME`, `PesoNacME`, `PesoDesME`, `Peso205HE`, `Peso365HE`, `Peso18HE`, `Peso24HE`, `PesoNacHE`, `PesoDesHE`, `Peso205MC`, `Peso365MC`, `Peso18MC`, `Peso24MC`, `PesoNacMC`, `PesoDesMC`, `Peso205HC`, `Peso365HC`, `Peso18HC`, `Peso24HC`, `PesoNacHC`, `PesoDesHC`, `Altura205ME`, `Altura365ME`, `Altura18ME`, `Altura24ME`, `AlturaNacME`, `AlturaDesME`, `Altura205HE`, `Altura365HE`, `Altura18HE`, `Altura24HE`, `AlturaNacHE`, `AlturaDesHE`, `Altura205MC`, `Altura365MC`, `Altura18MC`, `Altura24MC`, `AlturaNacMC`, `AlturaDesMC`, `Altura205HC`, `Altura365HC`, `Altura18HC`, `Altura24HC`, `AlturaNacHC`, `AlturaDesHC`, `DiagNoRepCom`, `TratNoRepCom`, `MinimaGestacion`, `MaximaGestacion`, `PesoMauta`, `PesoMaute`, `PesoNovillo`, `InventarioAuto`, `FechaEstadisticaProduccion`, `FechaEstadisticaReproduccion`, `FechaEstadisticaCrecimiento`, `MaxProdVacaAvio`, `TecnicoPredeterminado`, `ProxCriaM`, `ProxCriaH`, `VaqVacaParto`, `VaqVacaSecado`, `VaqVacaPreñada`, `VaqNovillaParto`, `VaqNovillaPreñada`, `VaqCriaMParto`, `VaqCriaHParto`, `VaqCriaMDestete`, `VaqCriaHDestete`, `NumeroCorridoMachos`, `NumeroCorridoHembras`, `ToroIndeterminado`, `TecnicoIndeterminado`, `PromGanEntrePartosE`, `PromGanEntrePartosC`, `CambiarBecerroConMadre`, `SAP`, `ChequearPorCelos`, `DiasCelos`, `ChequearPorCitas`, `DiasCitas`, `ChequearPorPlanes`, `DiasPlanes`, `ChequearPorPartos`, `DiasPartos`, `ChequearPorSecados`, `DiasSecados`, `MesesCrias`, `AsociacionRegistro`, `CodigoGanadoble`, `DiasInactividad`, `ChequearDiasInactividad`) VALUES ('3267060239', '6623109815', '000003', '12345', 'La Mora', 'Agrounica', 'Santa Elena', NULL, NULL, NULL, NULL, NULL, 2, 0, 242, 3, 0, 0, 0, 0, 883, 411, -68, 236, 0, 0, 36, 255, 45, 30, 60, 152, 30, 2, 285, 21, NULL, NULL, NULL, NULL, NULL, NULL, NULL, NULL, NULL, NULL, NULL, NULL, NULL, NULL, 26, 36, 35, 60, 285, 110, 400, 50, 21, 2, 2, 2, 1, 60, NULL, NULL, NULL, NULL, NULL, NULL, 305, 60, 1450, 1800, 1800, 5, 0, 1, 1, 1, 1, 1, 0, 0, 1, 0, 0, 0, 1, 1, 1, 1, '   P', '   E', 0, NULL, NULL, NULL, NULL, NULL, NULL, NULL, NULL, NULL, NULL, NULL, NULL, 120, 180, 250, 350, 30, 160, 120, 180, 250, 350, 30, 160, NULL, NULL, NULL, NULL, NULL, NULL, NULL, NULL, NULL, NULL, NULL, NULL, 75, 100, 130, 150, 50, 90, 75, 100, 130, 150, 50, 90, 1, 1, 240, 300, 180, 180, 350, 1, NULL, NULL, NULL, 30, NULL, NULL, NULL, NULL, NULL, NULL, NULL, NULL, NULL, NULL, NULL, NULL, 0, 0, '  INDEFINIDO', ' DESCONOCIDO', NULL, 450, 1, 0, 1, 7, 1, 1, 1, 30, 1, 15, 1, 15, 30, NULL, NULL, 60, 1);

#
# Dumping data for table 'Haciendas_Configuracion'
#

INSERT INTO `Haciendas_Configuracion` (`CodHa`, `Dias_Becerros`, `Dias_Becerras`, `Dias_Mautes`, `Dias_Mautas`, `Dias_Novillos`, `Dias_Novillas`, `Dias_Vacas`, `Dias_Toros`, `Dias_Total`, `con_Produccion_Filtrar`, `con_EAR_Filtrar`, `con_CC_Filtrar`, `con_DP_Filtrar`, `con_Produccion_Formula`, `con_EAR_Formula`, `con_CC_Formula`, `con_DP_Formula`, `IDEspecie`, `Tipo_Explotacion`, `AHCPA`, `AHSPA`, `DHSPA`, `LHSPA`, `AMREP`, `AMNRP`, `DMNRP`, `LMNRP`, `Chequear_Dias_Inactividad_AHCPA`, `Dias_Inactividad_AHCPA`, `Chequear_Dias_Inactividad_AHSPA`, `Dias_Inactividad_AHSPA`, `Chequear_Dias_Inactividad_DHSPA`, `Dias_Inactividad_DHSPA`, `Chequear_Dias_Inactividad_LHSPA`, `Dias_Inactividad_LHSPA`, `Chequear_Dias_Inactividad_AMREP`, `Dias_Inactividad_AMREP`, `Chequear_Dias_Inactividad_AMNRP`, `Dias_Inactividad_AMNRP`, `Chequear_Dias_Inactividad_DMNRP`, `Dias_Inactividad_DMNRP`, `Chequear_Dias_Inactividad_LMNRP`, `Dias_Inactividad_LMNRP`, `Vaquera`, `Habilitar_Pesajes_Leche`, `Habilitar_Pesos_Corporales`, `Habilitar_Plan_Sanitario`, `Habilitar_No_Reproductivos`, `Habilitar_Composicion_Racial`, `Habilitar_Hierros`, `Habilitar_Gansoft_Movil`, `Habilitar_Otras_Variables`, `Mir`) VALUES ('000001', 60, 60, 60, 60, 60, 60, 60, 60, 23023, 0, 0, 0, 0, 'rel(8:12:3:1);ran(12:20:4);ran(20:100:6)', 'opc(p:0.5);opc(v:1);opc(e:1)', 'ran(1:3:1);ran(3:5:0.25)', 'ran(0:90:0.5);ran(90:120:1);ran(120:240:0.25)', 1, 1, 'Vacas', 'Novillas', 'Mautas', 'Becerras', 'Toros', 'Novillos', 'Mautes', 'Becerros', 1, 60, 1, 60, 1, 60, 1, 60, 1, 60, 1, 60, 1, 60, 1, 60, 'Vaqueras', 1, 1, 1, 1, 1, 1, 1, 1, 150);
INSERT INTO `Haciendas_Configuracion` (`CodHa`, `Dias_Becerros`, `Dias_Becerras`, `Dias_Mautes`, `Dias_Mautas`, `Dias_Novillos`, `Dias_Novillas`, `Dias_Vacas`, `Dias_Toros`, `Dias_Total`, `con_Produccion_Filtrar`, `con_EAR_Filtrar`, `con_CC_Filtrar`, `con_DP_Filtrar`, `con_Produccion_Formula`, `con_EAR_Formula`, `con_CC_Formula`, `con_DP_Formula`, `IDEspecie`, `Tipo_Explotacion`, `AHCPA`, `AHSPA`, `DHSPA`, `LHSPA`, `AMREP`, `AMNRP`, `DMNRP`, `LMNRP`, `Chequear_Dias_Inactividad_AHCPA`, `Dias_Inactividad_AHCPA`, `Chequear_Dias_Inactividad_AHSPA`, `Dias_Inactividad_AHSPA`, `Chequear_Dias_Inactividad_DHSPA`, `Dias_Inactividad_DHSPA`, `Chequear_Dias_Inactividad_LHSPA`, `Dias_Inactividad_LHSPA`, `Chequear_Dias_Inactividad_AMREP`, `Dias_Inactividad_AMREP`, `Chequear_Dias_Inactividad_AMNRP`, `Dias_Inactividad_AMNRP`, `Chequear_Dias_Inactividad_DMNRP`, `Dias_Inactividad_DMNRP`, `Chequear_Dias_Inactividad_LMNRP`, `Dias_Inactividad_LMNRP`, `Vaquera`, `Habilitar_Pesajes_Leche`, `Habilitar_Pesos_Corporales`, `Habilitar_Plan_Sanitario`, `Habilitar_No_Reproductivos`, `Habilitar_Composicion_Racial`, `Habilitar_Hierros`, `Habilitar_Gansoft_Movil`, `Habilitar_Otras_Variables`, `Mir`) VALUES ('000002', 60, 60, 60, 60, 60, 60, 60, 60, 23059, 0, 0, 0, 0, 'rel(8:12:3:1);ran(12:20:4);ran(20:100:6)', 'opc(p:0.5);opc(v:1);opc(e:1)', 'ran(1:3:1);ran(3:5:0.25)', 'ran(0:90:0.5);ran(90:120:1);ran(120:240:0.25)', 1, 1, 'Vacas', 'Novillas', 'Mautas', 'Becerras', 'Toros', 'Novillos', 'Mautes', 'Becerros', 1, 60, 1, 60, 1, 60, 1, 60, 1, 60, 1, 60, 1, 60, 1, 60, 'Vaqueras', 1, 1, 1, 1, 1, 1, 1, 1, 150);

#
# Dumping data for table 'Hierro'
#

INSERT INTO `Hierro` (`IdHierro`, `Estado`, `Ano`, `NumeroRegistro`, `Propietario`, `Uso`, `NombreImagen`, `ImagenHierro`) VALUES (4, '10', '1983', '146', 'JOSE RAFAEL BALLESTEROS MELENDEZ', '-1', 'C:\\Documents and Settings\\GRANZONERA EL EDEN\\Mis documentos\\Mis imágenes\\BALLESTEROS.JPG', 0xFFD8FFE000104A46494600010101006000600000FFDB004300080606070605080707070909080A0C140D0C0B0B0C1912130F141D1A1F1E1D1A1C1C20242E2720222C231C1C2837292C30313434341F27393D38323C2E333432FFDB0043010909090C0B0C180D0D1832211C213232323232323232323232323232323232323232323232323232323232323232323232323232323232323232323232323232FFC0001108007800A003012200021101031101FFC4001F0000010501010101010100000000000000000102030405060708090A0BFFC400B5100002010303020403050504040000017D01020300041105122131410613516107227114328191A1082342B1C11552D1F02433627282090A161718191A25262728292A3435363738393A434445464748494A535455565758595A636465666768696A737475767778797A838485868788898A92939495969798999AA2A3A4A5A6A7A8A9AAB2B3B4B5B6B7B8B9BAC2C3C4C5C6C7C8C9CAD2D3D4D5D6D7D8D9DAE1E2E3E4E5E6E7E8E9EAF1F2F3F4F5F6F7F8F9FAFFC4001F0100030101010101010101010000000000000102030405060708090A0BFFC400B51100020102040403040705040400010277000102031104052131061241510761711322328108144291A1B1C109233352F0156272D10A162434E125F11718191A262728292A35363738393A434445464748494A535455565758595A636465666768696A737475767778797A82838485868788898A92939495969798999AA2A3A4A5A6A7A8A9AAB2B3B4B5B6B7B8B9BAC2C3C4C5C6C7C8C9CAD2D3D4D5D6D7D8D9DAE2E3E4E5E6E7E8E9EAF2F3F4F5F6F7F8F9FAFFDA000C03010002110311003F00F7FA28A2800A28A2800A298EEB1A33BB055519249C002A89D41E71FE85034C3FE7A31D91FE7D4FD4022803468AA1E46A12FF00ACBC4881ED0C4323F16CE7F214BF62B8FF00A0A5DFFDF317FF00114017A8AA1F66BB45F9351959BFE9A46847E807F3A4F3B5087FD6DBA5C2FF007A06DAC7FE02DC7FE3C6803428AAD6F7705C8611BE5D7EF2302ACBF50791566800A28A2800A28A2800A28A2800A28A2800A28A2800AAF7374B6E8320BBB1C220EAC7DA8B9B84B785A56E42F403A9278007B93C5456D038633DC61A771CE3A20FEE8FF1EFF90000C4B369984B7843B0395887DC4FF13EE7F0C55FA28A0028A28A0028A28A00AB73691DC157652244FB922B6197E87FA743DE9893490CAB05D60E78494701FD88EC7F43FA0BB4C96249A368E450C8C3041A00928AA16D2BC531B4998B301BA373FC6BEFEE38CFD41EF817E800A28A2800A28A2800A28A2800A28A82EAE16DAD25B8604AC685C81D4E066802B29377A8973FEAAD8ED5F7908E4FE00E3F13E957EAB58C0D6F691C4E41900CC84742E7963F8926ACD0014514B401CD6B1E32B1D12FCD9DC586AF3481436FB4D3E59939FF006946335976FF0014345B991A386C75B778E4F2E40BA64C7CB6E0E1B0BC1C1071EF5DC0007415C6782403AF78D33FF4193FFA222A00ED31494B41A004A28A28029DFDBB4F0662204D19DF113D370EC7D88C83EC6A6B5B84B9B68E6404075CE0F51EC7DEA6AA1683C9BEBBB71F7722651E81B391FF007D2B1FF8150068514514005145140051451400551D53E6822847DE9678D71EA03066FF00C74355EAA57DFF001F7A6FFD7C9FFD1525005CA28A2800AC0F11EA1756371A1ADB4BE5ADD6A6904DF283BA331C848E471CA8E473C56FD65EB7A1D96BFA79B2BE4731EF5911D18ABC4EBCABA30E5587AD006A64115C5F81D94EBBE342187FC868FF00E898A9A7C27E29286D7FE13CBA16246DE2C62FB485F4F3BD71FC5B73DEB99F007838EBDE13B7D56E756D4ADADAFDDEE56D2D2E4C64B1620BCB2801E5738CE490074031401EB8083D294D7096A750F07789B4BD325D52EB51D1B5477861FB630796D66542E0799D5D580618392081CF5AEECD00251451400550B8CC7AB59C9D9D248BF13861FF00A09ABF54AFBFE3EF4DFF00AF83FF00A2A4A00BD45145001451450014514500154353F923B79C7DE8AE2323FE04761FD1CD5FAAB7B6E6EECA681582B3A10AC7F84F63F81A00B34557B4B8175690CDB76EF504A9EAA7B8FC0F1562800A5A4A5A00423231599A06876BE1CD0ED748B2691ADAD5364665605B19279200F5AD4ACFD5F548746D3DEF678AEA6442014B681A573938E15413401CE78DFF00E43BE0BFFB0C8FFD112D7666BCA7C4DE31B7D5355F0DDC5B68FAF18EC351FB44E5B4A98613CA75E3E5E79615E81A1EBB6FAF5A3DCDBDBDEC088E50ADDDB3C0D9C0390180C8E7AD006AD1451400552B9F9F53B28FFBA2497F2017FF0067ABB546DC79DA9DD4DFC31AAC2BF5FBCC47E6A3FE034017B20F7A52715E4FF05B5AD53593E25FED3BFB9BBFB3DF048BCF90BEC5F9B819E829DF15759D5AE35BD0BC1BA1EA0D6177AB485A7B85621A38C7030473CFCC7823EEE3B9A00F55041E94B5E49F0D355D5F49F196BBE04D7352935196C556E2DAE6424B14214907393C87438C9C722BD6E800A28A2800A28A28033A026D6FA4B66188E62658BD33FC63F3F9BFE047D2B42AADD5BF9E980DB2453BA3703251BD7FA7B824516D7267421D764C9C4899E87DBD41EC6802D51451400514514005145140051452330552CC70075268020BBB8FB3DBB3EDDCE7011338DCC7803F3A2CEDFECB6A9113B98025DB18DCC4E58FE249355E0537972B767FD527FA853DF3D5FF0011C0F6CFAF1A3401E33F007FE66DFF00B088FF00D9A9FAECAEDFB4F786A366CA269EFB47A663B8CD33E00FFCCDBFF6111FFB35278E1D745F8F9E0FD6250121B884DB798FF7771DE87F2F357F3A00746CD17ED42EA84A8934EC3E3F887960F3F90FCABD96BC5F4275D6FF00693D6EF61C3C1A759F95E621E37854420FE25C7E15ED14005145140051451400554B8B532912C2DB275E0363208F43EA2ADD14014A0BC0EE61957CAB80326363D47AA9EE3FC9C55CA827B686E22D9220619C8E3907D41EC7DEAB7937B6D9F2265B88C748E73861FF00031FD413EF401A145511A8B27171677511EC563F341FFBE327F3028FED5B4EED203E8D0B83FA8A00BD45513A9C2788E2BA91BB05B7700FE2401F99A4F3750B8FF576E96CBFDE9983B0FF0080A9C7FE3D4016A7B88ADE2324AEA8A3B9355423DF10D323476FD5633D5FDDBD07B7E7E94E86C51241348CF3CE071249DBE83A2FE03EB57A800A28A28039AF0AF8274BF071BF3A6BDCB7DBA6F3A5F3DC361B9E9803039A678C7C13A4F8DF4C5B2D5164531BEF8A78880F11EF8C82307B83FE15D451401CA782BC03A3F816CE6834C12BCB390D35C4C4177C67038000032781EB5D5D1450014514500145145001451450014514500145145001451450014514500145145001451450014514500145145007FFD9);
INSERT INTO `Hierro` (`IdHierro`, `Estado`, `Ano`, `NumeroRegistro`, `Propietario`, `Uso`, `NombreImagen`, `ImagenHierro`) VALUES (3, '18', '2000', '9300', 'GIULIO BARDI', '-1', 'C:\\Documents and Settings\\GRANZONERA EL EDEN\\Mis documentos\\Mis imágenes\\HIERRO AGROUNICA.jpg', 0xFFD8FFE000104A46494600010101006000600000FFDB00430006040506050406060506070706080A100A0A09090A140E0F0C1017141818171416161A1D251F1A1B231C1616202C20232627292A29191F2D302D283025282928FFDB0043010707070A080A130A0A13281A161A2828282828282828282828282828282828282828282828282828282828282828282828282828282828282828282828282828FFC0001108007B007C03012200021101031101FFC4001F0000010501010101010100000000000000000102030405060708090A0BFFC400B5100002010303020403050504040000017D01020300041105122131410613516107227114328191A1082342B1C11552D1F02433627282090A161718191A25262728292A3435363738393A434445464748494A535455565758595A636465666768696A737475767778797A838485868788898A92939495969798999AA2A3A4A5A6A7A8A9AAB2B3B4B5B6B7B8B9BAC2C3C4C5C6C7C8C9CAD2D3D4D5D6D7D8D9DAE1E2E3E4E5E6E7E8E9EAF1F2F3F4F5F6F7F8F9FAFFC4001F0100030101010101010101010000000000000102030405060708090A0BFFC400B51100020102040403040705040400010277000102031104052131061241510761711322328108144291A1B1C109233352F0156272D10A162434E125F11718191A262728292A35363738393A434445464748494A535455565758595A636465666768696A737475767778797A82838485868788898A92939495969798999AA2A3A4A5A6A7A8A9AAB2B3B4B5B6B7B8B9BAC2C3C4C5C6C7C8C9CAD2D3D4D5D6D7D8D9DAE2E3E4E5E6E7E8E9EAF2F3F4F5F6F7F8F9FAFFDA000C03010002110311003F00FAA68A28A0028A28A0028A28A002B85F16EADAC3EB327FC23EEED6FA0A2DDDFC28A18DDB37FCBB0FF6845BDF1FDE687B66BAAF10EAB1689A2DDEA33A348B0265624FBD2B93848D7FDA662147B91553C23A54BA4E8C897AEB26A570ED757B2AF479DCE5B1FEC8E157D155476A00D5B3BA82F6CE0BAB49565B69E35962914E43AB0C823D88353572BE14FF008936AFA8786DF8823CDEE9DEF6EEDF3C63FEB9C848C76578C57554005145140051451400514514005145140051451400514567F887558B44D16EF519D1A458132B127DE95C9C246BFED3310A3DC8A00C4BEFF89EF8CEDEC47CDA7E8BB6EEE7D1EE987EE50FFB8A4C847AB446BAAAC5F08E952E93A3225EBAC9A95C3B5D5ECABD1E77396C7FB23855F45551DAB6A8039BF1BDB4E9696DAD69F134BA869121B958D07CD3458C4D10F52C99207F7D50F6ADFB3BA82F6CE0BAB49565B69E35962914E43AB0C823D88352D72DE14FF8936AFA8786DF8823CDEE9DEF6EEDF3C63FEB9C848C76578C500755451450014519A33400514668A0028A28A0028A28A002B94BEFF89EF8CEDEC47CDA7E8BB6EEE7D1EE987EE50FFB8A4C847AB446B67C47AB47A268975A84B1B4A625023853EF4D2310A91AFF00B4CC5547B9150784F4A9348D1D22BB9166D46763717B32F49677E5C8FF00647451D955476A00D8A28A2800AE6FC6F6D3A5A5B6B5A7C4D2EA1A4486E56341F34D16313443D4B26481FDF543DABA4A28022B3BA82F6CE0BAB49565B69E35962914E43AB0C823D883531AE57C2FFF00125D6EFBC36FF2DB006FB4DF4F219B12443FEB9C87F059231DABAA3401CF7C40D52FB44F03EBDAB694D6C2F74FB296F2317313491B796A5CA955653C852339E09070718381F107C61A9787B5BB4B3B35B65F3A1592D6196D659DB5298CA2336EB22305B5C33C0BE6CA1909B85E3E4607AAF1568B1F88FC39A8E8D3DD5CDAC17F0B5BCB2DB6CF3046C30C06F56032B95CE338271838232B58F055BEADBBED5AA6A43ED3649A7EA5B3C91FDA502EFF00925FDDFC99F365C987CB3FBC3C8C2ED00EAA969296800A28A2800A28ACDF11EAD1E89A25D6A12C6D2989408E14FBD348C42A46BFED331551EE4500635D7FC4FBC6B15A8F9B4FD0F17137A3DDBAFEED3FE008C5C8F59233DAA87C55F0F78B3C4161611782FC46BA14F148CD3C8549F3548E0700F435D0F84F4A9348D16286EA4596FE566B8BC997A493B9DCE47FB393803B2851DAB62803E7EFF856BF18FF00E8A747FF007C37FF001347FC2B5F8C7FF453A3FF00BE1BFF0089AFA068A00F9FBFE15AFC63FF00A29D1FFDF0DFFC4D647C3DD53C73A27ED076DE0FF1578AA6D62DD6D5E6751C46D988B2F04678AFA62BE736FF0093D34FFB077FEDB9A00F69F1B5A4E6C6DF56D3A269752D264FB5451A7DE993044B08F5DE8580EDB821ED5BB617706A1636F79672ACD6B711ACB148BD1D186411F50454D5CB785FFE24BAE6A1E1D7E2DCEED434EF4F25DBF7918FFAE7237D02CB18ED401D5514514005145140051451400572975FF13EF1AC56A3E6D3F43C5C4DE8F76EBFBB4FF80231723D648CF6AD9F11EAD1E89A25D6A12C6D2989408E14FBD348C42A46BFED331551EE4541E13D2A4D23458A1BA9165BF959AE2F265E924EE77391FECE4E00ECA1476A00D8A28A2800A28A2800AF9CDBFE4F4D3FEC1DFF00B6E6BE8CAF9CDBFE4F4D3FEC1DFF00B6E6803E8CAE73C6D6939B1B7D5B4E89A5D4B4993ED51469F7A64C112C23D77A1603B6E087B5747450043617706A1636F79672ACD6B711ACB148BD1D186411F50454F5CAF85FFE24BAE6A1E1D7E2DCEED434EF4F25DBF7918FFAE7237D02CB18ED5D550014514500145159BE23D5A3D1344BAD4258DA5312811C29F7A69188548D7FDA662AA3DC8A00C6BAFF0089F78D62B51F369FA1E2E26F47BB75FDDA7FC0118B91EB2467B575558FE13D2A4D23458A1BA9165BF959AE2F265E924EE77391FECE4E00ECA1476AD8A002B2F53F10E8FA56A16563A9EA965697B7ADB2DA09A654798E40C202724E481C7AD6A57CE5FB43FF00C96EF84DFF005FA9FF00A5115007D1B451450015F39B7FC9E9A7FD83BFF6DCD7D195F39B7FC9E9A7FD83BFF6DCD007D194514500739E36B49CD8DBEADA744D2EA5A4C9F6A8A34FBD326089611EBBD0B01DB7043DAB76C2EE0D42C6DEF2CE559AD6E235962917A3A30C823EA08A9AB96F0BFF00C4975CD43C3AFC5B9DDA869DE9E4BB7EF231FF005CE46FA059631DA803AAA28A2800AE52EBFE27DE358AD47CDA7E878B89BD1EEDD7F769FF0000462E47AC919ED5B3E23D5A3D1344BAD4258DA5312811C29F7A69188548D7FDA662AA3DC8A83C27A549A468B1437522CB7F2B35C5E4CBD249DCEE723FD9C9C01D9428ED401B1451450015E2BFB41783758D4754F0D78CF4081750B8F0D4C2E64D373B5EE115D5CED6E79F97A63A74C9E0FB55040230791401E5DF09FE33F877C7DA70F327834AD613896C2E26193DF746C71BD71ED91DC74CFA65BDC43731F996F2C72C79C6E8D830FCC5796F8B3E01780BC49A87DB64D365D3E7624C9FD9F20856427B95C1507E807539CD726BFB3269B6CF2AE9BE2FD7ACED59CB2431B2E141EDC632718E71401ECFE2BF15E89E13D365BEF106A56F6504601F9DBE66C9C001472727D0763E95F3F7ECBBA7B78B3C79E2EF883A94370ECF3B45632CC41C6F24B8E3F8953CB5CF4C31FC3A6D2FF667F0BA5E0B9D7F56D675A91594A89E60A368392A700920FD457B7D8595AE9D6915AD85BC36D6D10DA9142811547A0038A00B1451450015CE78DAD273636FAB69D134BA969327DAA28D3EF4C98225847AEF42C076DC10F6AE8E8A0086C2EE0D42C6DEF2CE559AD6E235962917A3A30C823EA08A9EB95F0BFF00C4975CD43C3AFC5B9DDA869DE9E4BB7EF231FF005CE46FA059631DABAAA00E52EBFE27DE358AD47CDA7E878B89BD1EEDD7F769FF0000462E47AC919ED5D5572F2F80F447BCBBB95935B824BA99AE2616DAE5EC08D23753B1260A3F003A527FC207A47FCFE7893FF0A3D47FF8FD007534572DFF00081E91FF003F9E24FF00C28F51FF00E3F47FC207A47FCFE7893FF0A3D47FF8FD007534572DFF00081E91FF003F9E24FF00C28F51FF00E3F47FC207A47FCFE7893FF0A3D47FF8FD007534572DFF00081E91FF003F9E24FF00C28F51FF00E3F47FC207A47FCFE7893FF0A3D47FF8FD007534572DFF00081E91FF003F9E24FF00C28F51FF00E3F47FC207A47FCFE7893FF0A3D47FF8FD007534572DFF00081E91FF003F9E24FF00C28F51FF00E3F47FC207A47FCFE7893FF0A3D47FF8FD007534572DFF00081E91FF003F9E24FF00C28F51FF00E3F47FC207A47FCFE7893FF0A3D47FF8FD004DE36B49CD8DBEADA744D2EA5A4C9F6A8A34FBD326089611EBBD0B01DB7043DAB76C2EE0D42C6DEF2CE559AD6E235962917A3A30C823EA08AE73FE103D23FE7F3C49FF00851EA3FF00C7EB6F42D22CF42D26DF4DD323923B380111AC933CAC32493967258F24F53401FFD9);
INSERT INTO `Hierro` (`IdHierro`, `Estado`, `Ano`, `NumeroRegistro`, `Propietario`, `Uso`, `NombreImagen`, `ImagenHierro`) VALUES (5, '20', '1978', '108', 'AGROPECUARIA TINACOA', '-1', 'FINOL.JPG', 0xFFD8FFE000104A46494600010101006000600000FFDB004300080606070605080707070909080A0C140D0C0B0B0C1912130F141D1A1F1E1D1A1C1C20242E2720222C231C1C2837292C30313434341F27393D38323C2E333432FFDB0043010909090C0B0C180D0D1832211C213232323232323232323232323232323232323232323232323232323232323232323232323232323232323232323232323232FFC0001108007800A003012200021101031101FFC4001F0000010501010101010100000000000000000102030405060708090A0BFFC400B5100002010303020403050504040000017D01020300041105122131410613516107227114328191A1082342B1C11552D1F02433627282090A161718191A25262728292A3435363738393A434445464748494A535455565758595A636465666768696A737475767778797A838485868788898A92939495969798999AA2A3A4A5A6A7A8A9AAB2B3B4B5B6B7B8B9BAC2C3C4C5C6C7C8C9CAD2D3D4D5D6D7D8D9DAE1E2E3E4E5E6E7E8E9EAF1F2F3F4F5F6F7F8F9FAFFC4001F0100030101010101010101010000000000000102030405060708090A0BFFC400B51100020102040403040705040400010277000102031104052131061241510761711322328108144291A1B1C109233352F0156272D10A162434E125F11718191A262728292A35363738393A434445464748494A535455565758595A636465666768696A737475767778797A82838485868788898A92939495969798999AA2A3A4A5A6A7A8A9AAB2B3B4B5B6B7B8B9BAC2C3C4C5C6C7C8C9CAD2D3D4D5D6D7D8D9DAE2E3E4E5E6E7E8E9EAF2F3F4F5F6F7F8F9FAFFDA000C03010002110311003F00F7FA28A2800A28A28032F59BBD4ECF4FF3749D323D46E7701E44972201B7B9DC54F4F4C5607F6FF8EFFE844B4FFC1EAFFF001AAECE8A00F3CD67C6FE2FD074B9351BFF00045B25B46E88CCBAD2B1CBB845E045EAC2B43FE120F1DFFD08B69FF83C5FFE3549F157FE49E5EFFD7CD9FF00E94C55DA500719FDBFE3BFFA112D3FF07ABFFC6A8FEDFF001DFF00D08969FF0083D5FF00E355D9D1401C1DF78B3C69A769F737D71E07B5582DE269A4235B5242A824F1E57A0A2C7C59E34D474FB6BEB7F03DAB417112CD193ADA825580238F2BD0D745E2FF00F912B5EFFB075C7FE8B6A3C21FF225683FF60EB7FF00D16B4018DFDBFE3BFF00A112D3FF0007ABFF00C6AB5343D47C457B712A6B3E1E834C895729247A80B82ED9E9808B8E3BD6FD1400514514005145140051451400514514005145140051451401C5FC55FF0092797BFF005F367FFA53157695C5FC55FF0092797BFF005F367FFA5315769400514514018BE2FF00F912B5EFFB075C7FE8B6A3C21FF225683FF60EB7FF00D16B478BFF00E44AD7BFEC1D71FF00A2DA8F087FC895A0FF00D83ADFFF0045AD006D514514005145140051451400514514005145140051451400519A0F02BCDA19F58F891757335A6A73697E158A568237B4C09F502A70CDBCFDC8F39031C9E7F0009BC79A847AF5ED978234E613DF5D5C43717BB0F16B6F1C8AE598F624A8007BFD33E863A562E81E19D23C316AF6FA458A5B2C8DBA4604B3C8DEACC492C793D4F7ADAA0028A28A00CCF1059CBA8F86F54B1831E75CDA4B0C79381B99081FA9AE5BE1D78C34BD5745B3D103B5B6AFA6DBC76D716372364A19140240EE38EDF8E2BBCAE6FC45E08D03C4C566BFB10B79190D15E5B9314F191D0875E78F4391ED401D2668AF38BBBCF13FC3F51737D7ADE20F0E46D89A578F1796899FBEC4712A8EE719FCABD02DAE62BBB68AE60916486550E8EA721948C8228027A28A2800A28A2800A28A2800A28A2800A28A280397F883ABDC689E05D5AFACF22EC44228081C8791846A47E2C2B4FC3BA3C3E1EF0F69FA45B92D1DA42B1063D588EA7F13935CEFC552B178305E4815A2B4D42CE79158E03289D011FAD76C3A0A005A28A2800A28A2800A28A280219E08EE6DA582650F14AA51D4F704608AE1FE0DDDDCDCFC35D3E2BB1FBEB4796D4F39E11C803F0181F85778C42A9627007249AE07E0EAB9F87F0CED1B225D5D5C5C45BB1928D2120D007A0514514005145140051451400514514005145140181E33D11FC47E0DD57488982CD736ECB196381BFAAE7DB20545E0CF1345E28F0F43764795791E61BCB76E1A199786523B72323D88AE92B8FD77C1D3CFAB0D7FC3B7E34AD6B004AC50BC376A0101654C8CE33C3751401D8515C2D9F8C759D3357B0D2BC5DA345646F9FC9B6BFB4B8F36DE4971F718101909ED9CE7F035DD0A0028A28A0028A2B8DD73C6B2C1ACBE85E1ED2A4D67598D43CF1AC82286D94F432487804F50A324E3B5004BF11B589747F065D8B4DA6FEF4AD95A21CFCD24A76F18EE0166FF0080D6D681A547A1E81A7E950B178ECEDD210C46376D18CE3DFAD739A4F84753BAD6EDF5EF166A51DFEA16A0FD92D6DE3296D6A48C16507966FF0068FE5D2BB6A0028A28A0028A28A0028A28A0028A28A0028A28A0028A28A00E27E2A5BB49F0EB55B88B78B9B2097903A758DE370C1BF0C1FC2BB082649E08E68DB7248A194E3190464573DF117FE49BF893FEC1D37FE806B6B47FF902587FD7BC7FFA08A00BB451450006B84F84D6E9FF00080D9EA4F86BCD49E4BCBA98E73248CEDC927D0607E15DDD717F09FF00E496787FFEBD8FFE84D401DA51451401E75E2C3E20F1078D2C7C2F61717FA5693F663757DA85B21567E70224931853DFD79F6C1C8B98750F879E37F0DDA5A6BBA86A5A6EB370D6D3DA6A3379CE8C00C488C464005B9FA7BF1D4F8AFC597BA7EA76DE1EF0F58A5F6BF7B134A8B2B6D86DE30706490FA75C01C9C7D330787FC0535AEBA9E23F116AD26B3AE2A148A4282386D81EA2341EC48CFE940195AFDD6A5E30F88EFE11B5D52EB4DD2F4EB55B8BF96C9F64B2BB60AA6FFE11820FE7D78A6E9D2EA3E05F88DA6786E4D56F751D135882436CD7F2799241320DC407C0C8231C7AB0FC574975D2BE3F78820BA608757D3E09AD4938DFE5AAA103DFE563F852F8B59754F8D1E0AD3ADCEE974E8EE6F2E71CEC4650173F5298FC45007A7D1451400514514005145140051451401CC7C45FF926FE24FF00B074DFFA01ADAD1FFE40961FF5EF1FFE822B17E22FFC937F127FD83A6FFD00D6D68FFF00204B0FFAF78FFF00411401768A28A002B8BF84FF00F24B3C3FFF005EC7FF00426AED2B8BF84FFF0024B3C3FF00F5EC7FF426A00ED28A28A00E27C4DF0BBC31E2CD5CEA7AB41732DC796B182B70CA028E8001F53F9D53D2FE0C783B46D56D751B3B5BA5B8B59566899AE5880CA7238EF5E854500607893C21A2F8B208A2D5AD7CC685B7432A3949233FECB0E474A6786FC19A1F8504CDA55A149AE3FD74F2C8D24B27A02CC738F6AE8A8A0028A28A0028A28A0028A28A00AB7D656FA9584F637712CD6D3A18E58DBA3291822B96FF00854DE05FFA16AD3F36FF001A28A003FE1537817FE85AB4FCDBFC68FF00854DE05FFA16AD3F36FF001A28A003FE1537817FE85AB4FCDBFC68FF00854DE05FFA16AD3F36FF001A28A003FE1537817FE85AB4FCDBFC68FF00854DE05FFA16AD3F36FF001A28A003FE1537817FE85AB4FCDBFC6B6B43F0BE89E198A68B45D3E2B34998348B1E7E623A753451401B3451450014514500145145007FFFD9);
# 3 records

#
# Dumping data for table 'HierroAnimal'
#

INSERT INTO `HierroAnimal` (`IdHierro`, `IDDatosGeneralesAnimal`, `Criador`, `Matador`) VALUES (3, 25139, 0, 0);
INSERT INTO `HierroAnimal` (`IdHierro`, `IDDatosGeneralesAnimal`, `Criador`, `Matador`) VALUES (3, 5646, 0, 0);
INSERT INTO `HierroAnimal` (`IdHierro`, `IDDatosGeneralesAnimal`, `Criador`, `Matador`) VALUES (3, 8266, 0, 0);

#
# Dumping data for table 'HistoriaClinica'
#

INSERT INTO `HistoriaClinica` (`CodHa`, `Unico`, `FechaNoRep`, `DiagNoRep`, `TratNoRep`, `ComentarioClinico`, `Eficiencia`, `ModificadoPor`) VALUES ('000001', '        2591', '2006-06-21 00:00:00', 'VN', 'PASU', 'VIRUELA EN LA UBRE', 0, 'ROSA(24/06/2006)');
INSERT INTO `HistoriaClinica` (`CodHa`, `Unico`, `FechaNoRep`, `DiagNoRep`, `TratNoRep`, `ComentarioClinico`, `Eficiencia`, `ModificadoPor`) VALUES ('000001', '        2613', '2006-06-21 00:00:00', 'VN', 'PASU', 'VIRUELA EN LA UBRE', 0, 'ROSA(24/06/2006)');
INSERT INTO `HistoriaClinica` (`CodHa`, `Unico`, `FechaNoRep`, `DiagNoRep`, `TratNoRep`, `ComentarioClinico`, `Eficiencia`, `ModificadoPor`) VALUES ('000001', '        2620', '2006-06-21 00:00:00', 'VN', 'PASU', 'VIRUELA EN LA UBRE', 0, 'ROSA(24/06/2006)');

#
# Dumping data for table 'Historico_Otras_Variables'
#

#
# Dumping data for table 'HistoricoCambios'
#

INSERT INTO `HistoricoCambios` (`CodHa`, `Unico`, `TipoCambio`, `FechaCambio`, `CodigoVoCC`, `ComentarioCambio`, `ModificadoPor`, `EstadoMovimientoSAP`, `ID`) VALUES ('000001', '        0812', 1, '2008-03-24 00:00:00', '  21', '', 'ROSA(25/03/2008)', '0', 227308);
INSERT INTO `HistoricoCambios` (`CodHa`, `Unico`, `TipoCambio`, `FechaCambio`, `CodigoVoCC`, `ComentarioCambio`, `ModificadoPor`, `EstadoMovimientoSAP`, `ID`) VALUES ('000001', '      701031', 1, '2008-03-24 00:00:00', '  21', 'Cambio de vaquera de la madre', 'ROSA(25/03/2008)', '0', 227311);
INSERT INTO `HistoricoCambios` (`CodHa`, `Unico`, `TipoCambio`, `FechaCambio`, `CodigoVoCC`, `ComentarioCambio`, `ModificadoPor`, `EstadoMovimientoSAP`, `ID`) VALUES ('000001', '        4964', 1, '2008-03-24 00:00:00', '  21', '', 'ROSA(25/03/2008)', '0', 227311);


#
# Dumping data for table 'HistoricoComentarios'
#

INSERT INTO `HistoricoComentarios` (`CodHa`, `Unico`, `FechaComentario`, `DescripcionComentario`, `ModificadoPor`) VALUES ('000001', '         038', '2003-04-12 00:00:00', 'B', 'ROSA(25/04/2003)');
INSERT INTO `HistoricoComentarios` (`CodHa`, `Unico`, `FechaComentario`, `DescripcionComentario`, `ModificadoPor`) VALUES ('000001', '         055', '2004-11-08 00:00:00', 'Cepravin+excenel', 'ROSA(11/11/2004)');
INSERT INTO `HistoricoComentarios` (`CodHa`, `Unico`, `FechaComentario`, `DescripcionComentario`, `ModificadoPor`) VALUES ('000001', '         061', '2004-09-11 00:00:00', 'for2', 'ROSA(13/09/2004)');

#
# Dumping data for table 'HistoricoLactancias'
#

INSERT INTO `HistoricoLactancias` (`CodHa`, `Unico`, `FechaComienzo`, `NumeroLactancia`, `DiasProd`, `ProdTotal`, `Prod244`, `Prod305`, `FechaSecado`, `FechaDestete`, `PesoDestete1`, `PesoDestete2`, `ComentarioLactancia`, `ModificadoPor`, `ProduccionEntrePartos`, `DiasSeca`, `GananciaEntrePartos`, `Total_Destetados_Machos`, `Total_Destetados_Hembras`, `Peso_Destetados_Machos`, `Peso_Destetados_Hembras`) VALUES ('000001', '         119', '1999-01-01 00:00:00', 4, 250, 1144, 1143.327, NULL, '1999-09-08 00:00:00', '1999-09-08 00:00:00', 120, NULL, 'CRIO T-9001', 'ROSA (16/03/2000)', 2.617849, 187, 274.5995, NULL, NULL, NULL, NULL);
INSERT INTO `HistoricoLactancias` (`CodHa`, `Unico`, `FechaComienzo`, `NumeroLactancia`, `DiasProd`, `ProdTotal`, `Prod244`, `Prod305`, `FechaSecado`, `FechaDestete`, `PesoDestete1`, `PesoDestete2`, `ComentarioLactancia`, `ModificadoPor`, `ProduccionEntrePartos`, `DiasSeca`, `GananciaEntrePartos`, `Total_Destetados_Machos`, `Total_Destetados_Hembras`, `Peso_Destetados_Machos`, `Peso_Destetados_Hembras`) VALUES ('000001', '         119', '2001-08-01 00:00:00', 6, 316, 2918.15, 2454.267, 2880.777, '2002-06-13 00:00:00', '2002-06-13 00:00:00', 170, NULL, '', 'ROSA(14/12/2002)', 5.907186, 178, 344.1295, NULL, NULL, NULL, NULL);
INSERT INTO `HistoricoLactancias` (`CodHa`, `Unico`, `FechaComienzo`, `NumeroLactancia`, `DiasProd`, `ProdTotal`, `Prod244`, `Prod305`, `FechaSecado`, `FechaDestete`, `PesoDestete1`, `PesoDestete2`, `ComentarioLactancia`, `ModificadoPor`, `ProduccionEntrePartos`, `DiasSeca`, `GananciaEntrePartos`, `Total_Destetados_Machos`, `Total_Destetados_Hembras`, `Peso_Destetados_Machos`, `Peso_Destetados_Hembras`) VALUES ('000001', '         119', '2003-12-11 00:00:00', 8, 310, 1915.55, 1687.25, 1914.07, '2004-10-16 00:00:00', '2004-10-16 00:00:00', 162, 0, NULL, 'ROSA(01/02/2005)', 4.874173, 83, 412.2137, NULL, NULL, NULL, NULL);

#
# Dumping data for table 'HistoricoPlanSanitario'
#

INSERT INTO `HistoricoPlanSanitario` (`IDHistoricoPlan`, `CodHa`, `Codigo`, `FechaUltimaPostura`, `NumeroDosis`, `CodigoComun`, `Observaciones`, `ModificadoPor`) VALUES (17, 'ZZZZZZ', 'TUBE', '1997-01-07 00:00:00', 2000, 1, NULL, 'Convertidor');
INSERT INTO `HistoricoPlanSanitario` (`IDHistoricoPlan`, `CodHa`, `Codigo`, `FechaUltimaPostura`, `NumeroDosis`, `CodigoComun`, `Observaciones`, `ModificadoPor`) VALUES (18, '000001', ' TRI', '2001-06-26 00:00:00', 5, 0, '', 'ROSA(16/08/2001)');
INSERT INTO `HistoricoPlanSanitario` (`IDHistoricoPlan`, `CodHa`, `Codigo`, `FechaUltimaPostura`, `NumeroDosis`, `CodigoComun`, `Observaciones`, `ModificadoPor`) VALUES (19, '000001', 'TUBE', '2000-05-03 00:00:00', 900, 0, '', 'ROSA(16/08/2001)');

#
# Dumping data for table 'Movil'
#

INSERT INTO `Movil` (`Activo`, `FechaContrato`, `TieneContrato`, `AvisoVencimientoPoliza`, `FechaUltimaActualizacionMDB`, `Historico_Reproduccion_Dias`, `Historico_Lactancias_Dias`, `Historicos_Cambios_Vaq_Dias`, `Historicos_Cambios_Cond_Corp_Dias`, `Pesajes_Ultima_Lactancia_Dias`, `Pesos_Corporales_Dias`, `Historia_Clinica_Dias`, `Historico_Comentarios_Dias`, `Historico_Inventarios_Dias`) VALUES (1, NULL, 0, 0, '2008-04-22 00:00:00', 365, 1095, 180, 180, 360, 360, 180, 180, 180);
# 1 records



#
# Dumping data for table 'MovimientosRebaño'
#

INSERT INTO `MovimientosRebaño` (`CodHa`, `Unico`, `Estado`, `TipoMovimiento`, `FechaMovimiento`, `Comentario`, `NumeroAnimales`, `ModificadoPor`, `Eliminado`, `EstadoMovimientoSAP`, `ID`) VALUES ('000001', NULL, 'Becerra', 80, '1997-03-28 00:00:00', 'T-7202 NACIDA M. HIJA V128', 1, 'Convertidor', 0, '0', 247);
INSERT INTO `MovimientosRebaño` (`CodHa`, `Unico`, `Estado`, `TipoMovimiento`, `FechaMovimiento`, `Comentario`, `NumeroAnimales`, `ModificadoPor`, `Eliminado`, `EstadoMovimientoSAP`, `ID`) VALUES ('000001', NULL, 'Vaca', 80, '1997-04-12 00:00:00', 'V752 MURIO REPENTE 1RA VQ.', 1, 'Convertidor', 0, '0', 248);
INSERT INTO `MovimientosRebaño` (`CodHa`, `Unico`, `Estado`, `TipoMovimiento`, `FechaMovimiento`, `Comentario`, `NumeroAnimales`, `ModificadoPor`, `Eliminado`, `EstadoMovimientoSAP`, `ID`) VALUES ('000001', NULL, 'Becerro', 80, '1997-04-11 00:00:00', 'T-7244 NACIDO M. HIJO 960', 1, 'Convertidor', 0, '0', 249);

#
# Dumping data for table 'OrdenamientoReportes'
#

INSERT INTO `OrdenamientoReportes` (`IdRep`, `CodVarRep`, `Ascendente`, `Posicion`) VALUES (5, '000050', 1, 1);
INSERT INTO `OrdenamientoReportes` (`IdRep`, `CodVarRep`, `Ascendente`, `Posicion`) VALUES (5, '013500', 1, 2);
INSERT INTO `OrdenamientoReportes` (`IdRep`, `CodVarRep`, `Ascendente`, `Posicion`) VALUES (61, '000050', 1, 1);

# Dumping data for table 'PesosCorporales'
#

INSERT INTO `PesosCorporales` (`CodHa`, `Unico`, `FechaPeso`, `TipoPeso`, `Peso`, `GananciaPeso`, `Altura`, `GananciaAltura`, `DiasEntreFechas`, `ModificadoPor`) VALUES ('000001', '        8092', '2008-09-02 00:00:00', 'General', 484, 45, 138, NULL, 2994, 'ILVA(11/12/2008)');
INSERT INTO `PesosCorporales` (`CodHa`, `Unico`, `FechaPeso`, `TipoPeso`, `Peso`, `GananciaPeso`, `Altura`, `GananciaAltura`, `DiasEntreFechas`, `ModificadoPor`) VALUES ('000001', '        8105', '2008-09-02 00:00:00', 'General', 584, 68, 142, NULL, 3246, 'ILVA(11/12/2008)');
INSERT INTO `PesosCorporales` (`CodHa`, `Unico`, `FechaPeso`, `TipoPeso`, `Peso`, `GananciaPeso`, `Altura`, `GananciaAltura`, `DiasEntreFechas`, `ModificadoPor`) VALUES ('000001', '        8110', '2008-09-02 00:00:00', 'General', 572, 51, 145, NULL, 2994, 'ILVA(11/12/2008)');

#
# Dumping data for table 'Raza'
#

INSERT INTO `Raza` (`IdRaza`, `IDEspecie`, `CodRaza`, `DescripcionRaza`, `GrupoRaza`, `LecheCarne`) VALUES (1, 1, 'AN', 'Angus Negro', 'Angus', 'Carne');
INSERT INTO `Raza` (`IdRaza`, `IDEspecie`, `CodRaza`, `DescripcionRaza`, `GrupoRaza`, `LecheCarne`) VALUES (10, 1, 'AR', 'Angus Rojo', 'Angus', 'Carne');
INSERT INTO `Raza` (`IdRaza`, `IDEspecie`, `CodRaza`, `DescripcionRaza`, `GrupoRaza`, `LecheCarne`) VALUES (2, 1, 'BB', 'Brahman Blanco', 'Brahman', 'Carne');

#
# Dumping data for table 'ResumenHistoricoCambios'
#

INSERT INTO `ResumenHistoricoCambios` (`CodHa`, `Unico`, `FechaUltCambioV`, `CodigoUltCambioV`, `ComenUltCambioV`, `FechaPenCambioV`, `CodigoPenCambioV`, `FechaAntCambioV`, `CodigoAntCambioV`, `FechaUltCambioCC`, `CodigoUltCambioCC`, `ComenUltCambioCC`, `FechaPenCambioCC`, `CodigoPenCambioCC`, `FechaAntCambioCC`, `CodigoAntCambioCC`, `FechaUltInventario`, `CodigoUltInventarioV`) VALUES ('000001', '           1', '2001-02-17 00:00:00', '  2V', '', '2001-02-10 00:00:00', ' 1NI', '2000-12-13 00:00:00', '  NA', NULL, NULL, NULL, NULL, NULL, NULL, NULL, NULL, NULL);
INSERT INTO `ResumenHistoricoCambios` (`CodHa`, `Unico`, `FechaUltCambioV`, `CodigoUltCambioV`, `ComenUltCambioV`, `FechaPenCambioV`, `CodigoPenCambioV`, `FechaAntCambioV`, `CodigoAntCambioV`, `FechaUltCambioCC`, `CodigoUltCambioCC`, `ComenUltCambioCC`, `FechaPenCambioCC`, `CodigoPenCambioCC`, `FechaAntCambioCC`, `CodigoAntCambioCC`, `FechaUltInventario`, `CodigoUltInventarioV`) VALUES ('000001', '           2', '2003-01-30 00:00:00', '  2V', '', '2002-09-04 00:00:00', '1PCO', '2002-03-16 00:00:00', '  1P', NULL, NULL, NULL, NULL, NULL, NULL, NULL, NULL, NULL);
INSERT INTO `ResumenHistoricoCambios` (`CodHa`, `Unico`, `FechaUltCambioV`, `CodigoUltCambioV`, `ComenUltCambioV`, `FechaPenCambioV`, `CodigoPenCambioV`, `FechaAntCambioV`, `CodigoAntCambioV`, `FechaUltCambioCC`, `CodigoUltCambioCC`, `ComenUltCambioCC`, `FechaPenCambioCC`, `CodigoPenCambioCC`, `FechaAntCambioCC`, `CodigoAntCambioCC`, `FechaUltInventario`, `CodigoUltInventarioV`) VALUES ('000001', '           9', '2004-01-07 00:00:00', '  2V', '', '2003-07-12 00:00:00', '  RO', '2003-04-26 00:00:00', '  11', NULL, NULL, NULL, NULL, NULL, NULL, NULL, NULL, NULL);


#
# Dumping data for table 'ResumenHistoricoLactancias'
#

INSERT INTO `ResumenHistoricoLactancias` (`CodHa`, `Unico`, `DiasProd1`, `ProdTotal1`, `Prod2441`, `Prod3051`, `DiasDestete1`, `PesoDestete1`, `DiasProd2`, `ProdTotal2`, `Prod2442`, `Prod3052`, `DiasDestete2`, `PesoDestete2`, `DiasProd3`, `ProdTotal3`, `Prod2443`, `Prod3053`, `DiasDestete3`, `PesoDestete3`, `DiasProd4`, `ProdTotal4`, `Prod2444`, `Prod3054`, `DiasDestete4`, `PesoDestete4`, `DiasProdP`, `ProdTotalP`, `Prod244P`, `Prod305P`, `DiasDesteteP`, `PesoDesteteP`, `PromDiasProd`, `PromProdTotal`, `PromProd244`, `PromProd305`, `PromDiasSeca`, `PromProdParto`, `PromGanParto`, `PromDiasDestete`, `PromPesoDestete`, `EdadLactancia1`, `Total_Destetados_Machos`, `Total_Destetados_Hembras`, `Peso_Destetados_Machos`, `Peso_Destetados_Hembras`, `Promedio_Machos_Destetados`, `Promedio_Hembras_Destetados`, `Peso_Promedio_Machos_Destetados`, `Peso_Promedio_Hembras_Destetados`) VALUES ('000001', '           1', NULL, NULL, NULL, NULL, NULL, NULL, NULL, NULL, NULL, NULL, NULL, NULL, NULL, NULL, NULL, NULL, NULL, NULL, 324, 2062.65, 1702.767, 2032.774, NULL, NULL, 286, 1987.05, 1869.034, NULL, 286, NULL, 267, 1795.33, 1775.078, 2032.774, 130, 4.907138, 372, 271, 139, NULL, NULL, NULL, NULL, NULL, NULL, NULL, NULL, NULL);
INSERT INTO `ResumenHistoricoLactancias` (`CodHa`, `Unico`, `DiasProd1`, `ProdTotal1`, `Prod2441`, `Prod3051`, `DiasDestete1`, `PesoDestete1`, `DiasProd2`, `ProdTotal2`, `Prod2442`, `Prod3052`, `DiasDestete2`, `PesoDestete2`, `DiasProd3`, `ProdTotal3`, `Prod2443`, `Prod3053`, `DiasDestete3`, `PesoDestete3`, `DiasProd4`, `ProdTotal4`, `Prod2444`, `Prod3054`, `DiasDestete4`, `PesoDestete4`, `DiasProdP`, `ProdTotalP`, `Prod244P`, `Prod305P`, `DiasDesteteP`, `PesoDesteteP`, `PromDiasProd`, `PromProdTotal`, `PromProd244`, `PromProd305`, `PromDiasSeca`, `PromProdParto`, `PromGanParto`, `PromDiasDestete`, `PromPesoDestete`, `EdadLactancia1`, `Total_Destetados_Machos`, `Total_Destetados_Hembras`, `Peso_Destetados_Machos`, `Peso_Destetados_Hembras`, `Promedio_Machos_Destetados`, `Promedio_Hembras_Destetados`, `Peso_Promedio_Machos_Destetados`, `Peso_Promedio_Hembras_Destetados`) VALUES ('000001', '           2', 302, 2221.25, 1751.618, 2061.545, NULL, NULL, 270, 1903.8, 1852.517, NULL, 252, 142, 345, 3454.45, 2685.09, 3147.18, 290, 168, -1, 2800.45, 2421.757, NULL, -1, NULL, -1, 2800.45, 2421.757, NULL, -1, NULL, 305.6667, 2594.988, 2177.745, 2604.362, 238.3333, 5.57669, 264, 271, 155, NULL, NULL, NULL, NULL, NULL, NULL, NULL, NULL, NULL);
INSERT INTO `ResumenHistoricoLactancias` (`CodHa`, `Unico`, `DiasProd1`, `ProdTotal1`, `Prod2441`, `Prod3051`, `DiasDestete1`, `PesoDestete1`, `DiasProd2`, `ProdTotal2`, `Prod2442`, `Prod3052`, `DiasDestete2`, `PesoDestete2`, `DiasProd3`, `ProdTotal3`, `Prod2443`, `Prod3053`, `DiasDestete3`, `PesoDestete3`, `DiasProd4`, `ProdTotal4`, `Prod2444`, `Prod3054`, `DiasDestete4`, `PesoDestete4`, `DiasProdP`, `ProdTotalP`, `Prod244P`, `Prod305P`, `DiasDesteteP`, `PesoDesteteP`, `PromDiasProd`, `PromProdTotal`, `PromProd244`, `PromProd305`, `PromDiasSeca`, `PromProdParto`, `PromGanParto`, `PromDiasDestete`, `PromPesoDestete`, `EdadLactancia1`, `Total_Destetados_Machos`, `Total_Destetados_Hembras`, `Peso_Destetados_Machos`, `Peso_Destetados_Hembras`, `Promedio_Machos_Destetados`, `Promedio_Hembras_Destetados`, `Peso_Promedio_Machos_Destetados`, `Peso_Promedio_Hembras_Destetados`) VALUES ('000001', '           9', 285, 2753.55, 2585.514, NULL, 291, 112, 300, 2971.65, 2671.208, NULL, 300, NULL, NULL, NULL, NULL, NULL, NULL, NULL, 390, 3561, 2644.825, 3120.285, 390, NULL, 390, 3561, 2644.825, 3120.285, 390, NULL, 325, 3095.4, 2633.849, 3120.285, 293, 5.280872, 213, 327, 112, NULL, NULL, NULL, NULL, NULL, NULL, NULL, NULL, NULL);

# Dumping data for table 'ResumenHistoricoReproduccion'
#

INSERT INTO `ResumenHistoricoReproduccion` (`CodHa`, `Unico`, `FecUltParto`, `FecUltAborto`, `FecUltPartoAborto`, `FecUltServicio`, `FecUltCelo`, `FecUltExamen`, `FecPenExamen`, `FecProximoExamen`, `FecComienzoLactancia`, `NoPartos`, `NoAbortos`, `NoLactancias`, `NoRevisiones`, `NoMontas`, `NoInseminaciones`, `NoTransplantes`, `NoTotalServicios`, `NoCelosSS`, `SexoCria1`, `SexoCria2`, `UnicoCria1`, `UnicoCria2`, `HoraServicio`, `Dosis`, `ToroSemenEmbrion`, `PadreCriaActual`, `Tecnico`, `UltDiag`, `UltTrat`, `UltCervix`, `UltUtero`, `UltOD`, `UltOI`, `UltVagina`, `PenDiag`, `PenTrat`, `PenCervix`, `PenUtero`, `PenOD`, `PenOI`, `PenVagina`, `TipoServicio`, `TipoPartoAborto`, `EstadoReproductivo`, `EdadPrimerServicio`, `EdadPrimerParto`, `PromParto1Celo`, `PromParto1Servicio`, `PromDiasGestacion`, `PromPartoConcepcion`, `PromPartoParto`, `Prom1ServicioConcepcion`, `PromEntreCelos`, `PromDiasEntreCitas`, `PromInsXConcepcion`, `PromMonXConcepcion`, `PromSerXConcepcion`, `PromCitasXParto`, `PartoParto12`, `PartoParto23`, `PartoParto34`, `PartoParto45`, `PartoPartoPenUlt`, `DiasVacia12`, `DiasVacia23`, `DiasVacia34`, `DiasVacia45`, `DiasVaciaPenUlt`, `FechaPrimerServicio`, `FechaPrimerParto`, `MurioCria1`, `MurioCria2`, `FechaPenultimoServicio`, `Total_Machos_Nacidos`, `Total_Hembras_Nacidas`, `Total_Machos_Vivos`, `Total_Hembras_Vivas`, `Promedio_Machos`, `Promedio_Hembras`, `Promedio_Machos_Vivos`, `Promedio_Hembras_Vivas`) VALUES ('000001', '           1', '2000-01-11 00:00:00', NULL, '2000-01-11 00:00:00', '2001-02-07 00:00:00', '2001-02-07 00:00:00', '2001-05-05 00:00:00', '2000-11-28 00:00:00', '2001-06-04 00:00:00', '2000-01-11 00:00:00', 9, NULL, 9, 9, 4, 1, NULL, 5, NULL, 'Hembra', NULL, '        0031', NULL, 'AM', NULL, '           2', '       2/100', NULL, '  VN', 'TOKY', NULL, NULL, NULL, NULL, NULL, 'VCLD', 'TOVI', NULL, NULL, NULL, NULL, NULL, 'Monta', 'Normal', 'Vacía', NULL, NULL, 68, 68, 287, 78, 397, 10, 34, 77, 2, 2, 2, 3.4, 518, 422, 415, 379, 383, NULL, NULL, NULL, 94, 97, NULL, '1991-05-01 00:00:00', 0, 0, '2001-01-17 00:00:00', 0, 0, 0, 0, 0, 0, 0, 0);
INSERT INTO `ResumenHistoricoReproduccion` (`CodHa`, `Unico`, `FecUltParto`, `FecUltAborto`, `FecUltPartoAborto`, `FecUltServicio`, `FecUltCelo`, `FecUltExamen`, `FecPenExamen`, `FecProximoExamen`, `FecComienzoLactancia`, `NoPartos`, `NoAbortos`, `NoLactancias`, `NoRevisiones`, `NoMontas`, `NoInseminaciones`, `NoTransplantes`, `NoTotalServicios`, `NoCelosSS`, `SexoCria1`, `SexoCria2`, `UnicoCria1`, `UnicoCria2`, `HoraServicio`, `Dosis`, `ToroSemenEmbrion`, `PadreCriaActual`, `Tecnico`, `UltDiag`, `UltTrat`, `UltCervix`, `UltUtero`, `UltOD`, `UltOI`, `UltVagina`, `PenDiag`, `PenTrat`, `PenCervix`, `PenUtero`, `PenOD`, `PenOI`, `PenVagina`, `TipoServicio`, `TipoPartoAborto`, `EstadoReproductivo`, `EdadPrimerServicio`, `EdadPrimerParto`, `PromParto1Celo`, `PromParto1Servicio`, `PromDiasGestacion`, `PromPartoConcepcion`, `PromPartoParto`, `Prom1ServicioConcepcion`, `PromEntreCelos`, `PromDiasEntreCitas`, `PromInsXConcepcion`, `PromMonXConcepcion`, `PromSerXConcepcion`, `PromCitasXParto`, `PartoParto12`, `PartoParto23`, `PartoParto34`, `PartoParto45`, `PartoPartoPenUlt`, `DiasVacia12`, `DiasVacia23`, `DiasVacia34`, `DiasVacia45`, `DiasVaciaPenUlt`, `FechaPrimerServicio`, `FechaPrimerParto`, `MurioCria1`, `MurioCria2`, `FechaPenultimoServicio`, `Total_Machos_Nacidos`, `Total_Hembras_Nacidas`, `Total_Machos_Vivos`, `Total_Hembras_Vivas`, `Promedio_Machos`, `Promedio_Hembras`, `Promedio_Machos_Vivos`, `Promedio_Hembras_Vivas`) VALUES ('000001', '           2', '2001-06-22 00:00:00', '2000-07-04 00:00:00', '2001-06-22 00:00:00', '2002-01-23 00:00:00', '2002-01-23 00:00:00', '2002-03-05 00:00:00', '2002-01-22 00:00:00', NULL, '2001-06-22 00:00:00', 5, 1, 5, 5, 5, 1, NULL, 6, NULL, 'Hembra', NULL, '        1486', NULL, 'AM', NULL, '  INDEFINIDO', NULL, NULL, '   P', NULL, NULL, NULL, NULL, NULL, NULL, 'VCLD', 'COTO', NULL, NULL, NULL, NULL, NULL, 'Monta', 'Normal', 'Preñada', NULL, NULL, 62, 62, 286, 170, 544, 124, 49, 72, NULL, 2.4, 3, 2.8, 396, 383, 718, 678, 678, 107, 95, 426, 403, 403, NULL, '1995-07-09 00:00:00', 0, 0, '2001-11-24 00:00:00', 0, 0, 0, 0, 0, 0, 0, 0);
INSERT INTO `ResumenHistoricoReproduccion` (`CodHa`, `Unico`, `FecUltParto`, `FecUltAborto`, `FecUltPartoAborto`, `FecUltServicio`, `FecUltCelo`, `FecUltExamen`, `FecPenExamen`, `FecProximoExamen`, `FecComienzoLactancia`, `NoPartos`, `NoAbortos`, `NoLactancias`, `NoRevisiones`, `NoMontas`, `NoInseminaciones`, `NoTransplantes`, `NoTotalServicios`, `NoCelosSS`, `SexoCria1`, `SexoCria2`, `UnicoCria1`, `UnicoCria2`, `HoraServicio`, `Dosis`, `ToroSemenEmbrion`, `PadreCriaActual`, `Tecnico`, `UltDiag`, `UltTrat`, `UltCervix`, `UltUtero`, `UltOD`, `UltOI`, `UltVagina`, `PenDiag`, `PenTrat`, `PenCervix`, `PenUtero`, `PenOD`, `PenOI`, `PenVagina`, `TipoServicio`, `TipoPartoAborto`, `EstadoReproductivo`, `EdadPrimerServicio`, `EdadPrimerParto`, `PromParto1Celo`, `PromParto1Servicio`, `PromDiasGestacion`, `PromPartoConcepcion`, `PromPartoParto`, `Prom1ServicioConcepcion`, `PromEntreCelos`, `PromDiasEntreCitas`, `PromInsXConcepcion`, `PromMonXConcepcion`, `PromSerXConcepcion`, `PromCitasXParto`, `PartoParto12`, `PartoParto23`, `PartoParto34`, `PartoParto45`, `PartoPartoPenUlt`, `DiasVacia12`, `DiasVacia23`, `DiasVacia34`, `DiasVacia45`, `DiasVaciaPenUlt`, `FechaPrimerServicio`, `FechaPrimerParto`, `MurioCria1`, `MurioCria2`, `FechaPenultimoServicio`, `Total_Machos_Nacidos`, `Total_Hembras_Nacidas`, `Total_Machos_Vivos`, `Total_Hembras_Vivas`, `Promedio_Machos`, `Promedio_Hembras`, `Promedio_Machos_Vivos`, `Promedio_Hembras_Vivas`) VALUES ('000001', '           9', '2003-03-31 00:00:00', NULL, '2003-03-31 00:00:00', '2003-11-28 00:00:00', '2003-11-28 00:00:00', '2004-04-27 00:00:00', '2004-03-02 00:00:00', '2004-05-27 00:00:00', '2003-03-31 00:00:00', 5, NULL, 5, 8, 1, 2, NULL, 3, NULL, 'Macho', NULL, '        3313', NULL, 'AM', 1, '      204-00', '       JAIME', '        FH03', ' MAT', ' MAT', NULL, NULL, NULL, NULL, NULL, ' VQI', 'VFOS', NULL, NULL, NULL, NULL, NULL, 'Insemin', 'Normal', 'Vacía', NULL, NULL, 170, 170, 280, 338, 618, 168, 86, 66, NULL, 2, 2.6, 6.8, 525, 787, 639, 522, 522, 242, 527, 339, 244, 244, NULL, '1996-06-22 00:00:00', 0, 0, '2003-11-20 00:00:00', 0, 0, 0, 0, 0, 0, 0, 0);

#
# Dumping data for table 'ResumenPesajesDeLeche'
#

INSERT INTO `ResumenPesajesDeLeche` (`CodHa`, `Unico`, `FechaComienzo`, `FechaUltPesaje`, `FechaPenPesaje`, `FechaAntPesaje`, `FechaSecado`, `PesajeUlt`, `PesajePen`, `PesajeAnt`, `DiasProdAct`, `ProdTotalAct`, `Prod244Act`, `Prod305Act`, `ComentarioUltimaLactancia`, `PesoDestete1`, `PesoDestete2`, `Total_Destetados_Machos`, `Total_Destetados_Hembras`, `Peso_Destetados_Machos`, `Peso_Destetados_Hembras`) VALUES ('000001', '          99', '1999-08-13 00:00:00', '2000-02-06 00:00:00', '2000-01-06 00:00:00', '1999-12-06 00:00:00', NULL, 3.1, 3.4, 6.7, 177, 1170.5, NULL, NULL, 'T-9588 + 15-9-99.CRIA T- 9645', NULL, NULL, NULL, NULL, NULL, NULL);
INSERT INTO `ResumenPesajesDeLeche` (`CodHa`, `Unico`, `FechaComienzo`, `FechaUltPesaje`, `FechaPenPesaje`, `FechaAntPesaje`, `FechaSecado`, `PesajeUlt`, `PesajePen`, `PesajeAnt`, `DiasProdAct`, `ProdTotalAct`, `Prod244Act`, `Prod305Act`, `ComentarioUltimaLactancia`, `PesoDestete1`, `PesoDestete2`, `Total_Destetados_Machos`, `Total_Destetados_Hembras`, `Peso_Destetados_Machos`, `Peso_Destetados_Hembras`) VALUES ('000001', '          A6', '1999-12-08 00:00:00', '2000-12-06 00:00:00', '2000-11-06 00:00:00', '2000-10-06 00:00:00', NULL, 3.8, 5.8, 6.7, 364, 2937.5, 2174.311, 2613.092, NULL, NULL, NULL, NULL, NULL, NULL, NULL);
INSERT INTO `ResumenPesajesDeLeche` (`CodHa`, `Unico`, `FechaComienzo`, `FechaUltPesaje`, `FechaPenPesaje`, `FechaAntPesaje`, `FechaSecado`, `PesajeUlt`, `PesajePen`, `PesajeAnt`, `DiasProdAct`, `ProdTotalAct`, `Prod244Act`, `Prod305Act`, `ComentarioUltimaLactancia`, `PesoDestete1`, `PesoDestete2`, `Total_Destetados_Machos`, `Total_Destetados_Hembras`, `Peso_Destetados_Machos`, `Peso_Destetados_Hembras`) VALUES ('000001', '          X4', '1999-09-22 00:00:00', NULL, NULL, NULL, '2000-11-15 00:00:00', NULL, NULL, NULL, NULL, NULL, NULL, NULL, 'CRIO MOROCHOS.T-9728-9729', NULL, NULL, NULL, NULL, NULL, NULL);

#
# Dumping data for table 'ResumenPesosCorporales'
#

INSERT INTO `ResumenPesosCorporales` (`CodHa`, `Unico`, `FechaNacimiento`, `FechaDestete`, `FechaIngreso`, `FechaUltPeso`, `FechaPenPeso`, `FechaAntPeso`, `PesoNacimiento`, `PesoDestete`, `PesoIngreso`, `PesoUlt`, `PesoPen`, `PesoAnt`, `Peso205A`, `Peso365A`, `Peso18A`, `Peso24A`, `Peso205P`, `Peso365P`, `Peso18P`, `Peso24P`, `AlturaNacimiento`, `AlturaDestete`, `AlturaIngreso`, `AlturaAnt`, `AlturaPen`, `AlturaUlt`, `Altura205A`, `Altura365A`, `Altura18A`, `Altura24A`, `FechaInicial`, `PesoInicial`, `FechaEntradaServicio`, `PesoEntradaServicio`, `GananciaEntradaServicio`, `AlturaEntradaServicio`, `FechaAlParto`, `PesoAlParto`, `AlturaAlParto`, `FechaAlSecado`, `PesoAlSecado`, `AlturaAlSecado`, `FechaALaVenta`, `PesoALaVenta`, `AlturaALaVenta`) VALUES ('000001', '           1', NULL, NULL, NULL, NULL, NULL, NULL, NULL, NULL, NULL, NULL, NULL, NULL, NULL, NULL, NULL, NULL, NULL, NULL, NULL, NULL, NULL, NULL, NULL, NULL, NULL, NULL, NULL, NULL, NULL, NULL, NULL, NULL, NULL, NULL, NULL, NULL, NULL, NULL, NULL, NULL, NULL, NULL, NULL, NULL, NULL);
INSERT INTO `ResumenPesosCorporales` (`CodHa`, `Unico`, `FechaNacimiento`, `FechaDestete`, `FechaIngreso`, `FechaUltPeso`, `FechaPenPeso`, `FechaAntPeso`, `PesoNacimiento`, `PesoDestete`, `PesoIngreso`, `PesoUlt`, `PesoPen`, `PesoAnt`, `Peso205A`, `Peso365A`, `Peso18A`, `Peso24A`, `Peso205P`, `Peso365P`, `Peso18P`, `Peso24P`, `AlturaNacimiento`, `AlturaDestete`, `AlturaIngreso`, `AlturaAnt`, `AlturaPen`, `AlturaUlt`, `Altura205A`, `Altura365A`, `Altura18A`, `Altura24A`, `FechaInicial`, `PesoInicial`, `FechaEntradaServicio`, `PesoEntradaServicio`, `GananciaEntradaServicio`, `AlturaEntradaServicio`, `FechaAlParto`, `PesoAlParto`, `AlturaAlParto`, `FechaAlSecado`, `PesoAlSecado`, `AlturaAlSecado`, `FechaALaVenta`, `PesoALaVenta`, `AlturaALaVenta`) VALUES ('000001', '           2', NULL, NULL, NULL, NULL, NULL, NULL, NULL, NULL, NULL, NULL, NULL, NULL, NULL, NULL, NULL, NULL, NULL, NULL, NULL, NULL, NULL, NULL, NULL, NULL, NULL, NULL, NULL, NULL, NULL, NULL, NULL, NULL, NULL, NULL, NULL, NULL, NULL, NULL, NULL, NULL, NULL, NULL, NULL, NULL, NULL);
INSERT INTO `ResumenPesosCorporales` (`CodHa`, `Unico`, `FechaNacimiento`, `FechaDestete`, `FechaIngreso`, `FechaUltPeso`, `FechaPenPeso`, `FechaAntPeso`, `PesoNacimiento`, `PesoDestete`, `PesoIngreso`, `PesoUlt`, `PesoPen`, `PesoAnt`, `Peso205A`, `Peso365A`, `Peso18A`, `Peso24A`, `Peso205P`, `Peso365P`, `Peso18P`, `Peso24P`, `AlturaNacimiento`, `AlturaDestete`, `AlturaIngreso`, `AlturaAnt`, `AlturaPen`, `AlturaUlt`, `Altura205A`, `Altura365A`, `Altura18A`, `Altura24A`, `FechaInicial`, `PesoInicial`, `FechaEntradaServicio`, `PesoEntradaServicio`, `GananciaEntradaServicio`, `AlturaEntradaServicio`, `FechaAlParto`, `PesoAlParto`, `AlturaAlParto`, `FechaAlSecado`, `PesoAlSecado`, `AlturaAlSecado`, `FechaALaVenta`, `PesoALaVenta`, `AlturaALaVenta`) VALUES ('000001', '           9', NULL, NULL, NULL, NULL, NULL, NULL, NULL, NULL, NULL, NULL, NULL, NULL, NULL, NULL, NULL, NULL, NULL, NULL, NULL, NULL, NULL, NULL, NULL, NULL, NULL, NULL, NULL, NULL, NULL, NULL, NULL, NULL, NULL, NULL, NULL, NULL, NULL, NULL, NULL, NULL, NULL, NULL, NULL, NULL, NULL);


#
# Dumping data for table 'tbl_Campos_Eventos'
#

INSERT INTO `tbl_Campos_Eventos` (`id_Campo_Evento`, `des_Campo_Evento`, `Convertir`, `SQL_Convertir`) VALUES (1, 'Altura', 0, NULL);
INSERT INTO `tbl_Campos_Eventos` (`id_Campo_Evento`, `des_Campo_Evento`, `Convertir`, `SQL_Convertir`) VALUES (2, 'Asociación Ganadera', 0, NULL);
INSERT INTO `tbl_Campos_Eventos` (`id_Campo_Evento`, `des_Campo_Evento`, `Convertir`, `SQL_Convertir`) VALUES (3, 'Clasificación', 0, NULL);

#
# Dumping data for table 'tbl_Crecimiento_1'
#

# 0 records



#
# Dumping data for table 'tbl_Crecimiento_2'
#

# 0 records



#
# Dumping data for table 'tbl_Curva_Crecimiento_TF'
#

# 0 records



#
# Dumping data for table 'tbl_Curva_Crecimiento_TG'
#

# 0 records



#
# Dumping data for table 'tbl_Especies'
#

INSERT INTO `tbl_Especies` (`IDEspecie`, `Descripcion_Especie`, `Dias_Gestacion_Especie`, `Maxima_Gestacion_Especie`, `Minima_Gestacion_Especie`, `Intervalo_Celos_Especie`, `AHCPA`, `AHSPA`, `DHSPA`, `LHSPA`, `AMREP`, `AMNRP`, `DMNRP`, `LMNRP`) VALUES (2, 'Bufalinos', 310, 340, 280, 21, 'Búfalas', 'Buvillas', 'Bautas', 'Bucerras', 'Búfalos', 'Buvillos', 'Bautes', 'Bucerros');
INSERT INTO `tbl_Especies` (`IDEspecie`, `Descripcion_Especie`, `Dias_Gestacion_Especie`, `Maxima_Gestacion_Especie`, `Minima_Gestacion_Especie`, `Intervalo_Celos_Especie`, `AHCPA`, `AHSPA`, `DHSPA`, `LHSPA`, `AMREP`, `AMNRP`, `DMNRP`, `LMNRP`) VALUES (5, 'Caprinos', 283, 300, 240, 21, 'Cabras', 'Chivas', 'Chivatas', 'Cabritas', 'Cabros', 'Chivos', 'Chivatos', 'Cabritos');
INSERT INTO `tbl_Especies` (`IDEspecie`, `Descripcion_Especie`, `Dias_Gestacion_Especie`, `Maxima_Gestacion_Especie`, `Minima_Gestacion_Especie`, `Intervalo_Celos_Especie`, `AHCPA`, `AHSPA`, `DHSPA`, `LHSPA`, `AMREP`, `AMNRP`, `DMNRP`, `LMNRP`) VALUES (3, 'Equinos', 283, 300, 240, 21, 'Yeguas', 'Potrancas', 'Potras', 'Potrillas', 'Caballos', 'Potrancos', 'Potros', 'Potrillos');



#
# Dumping data for table 'tbl_Eventos'
#

INSERT INTO `tbl_Eventos` (`id_Evento`, `des_Evento`, `Vientres`, `NoVientres`, `Toros`, `Tabla`, `Orden_Procesar`) VALUES (1, 'Cambio de Condición Corporal', 1, 1, 1, 'CambiosCondicionCorporal', 6);
INSERT INTO `tbl_Eventos` (`id_Evento`, `des_Evento`, `Vientres`, `NoVientres`, `Toros`, `Tabla`, `Orden_Procesar`) VALUES (2, 'Cambio de Vaquera', 1, 1, 1, 'CambiosVaquera', 7);
INSERT INTO `tbl_Eventos` (`id_Evento`, `des_Evento`, `Vientres`, `NoVientres`, `Toros`, `Tabla`, `Orden_Procesar`) VALUES (3, 'Cambio de Asociación', 1, 1, 1, 'CambiosVarios_Asociacion', 8);



#
# Dumping data for table 'tbl_Formato_Importacion'
#

# 0 records



#
# Dumping data for table 'tbl_Inventario'
#

# 0 records



#
# Dumping data for table 'tbl_Observaciones'
#

# 0 records



#
# Dumping data for table 'tbl_Otras_Variables_Lista'
#

# 0 records


#
# Dumping data for table 'tbl_rel_Campo_Evento'
#

INSERT INTO `tbl_rel_Campo_Evento` (`id_rel_Campo_Evento`, `id_Evento`, `id_Campo_Evento`, `Requerido`, `Ubicacion_Standar`, `Orden`) VALUES (1, 33, 1, 0, NULL, 4);
INSERT INTO `tbl_rel_Campo_Evento` (`id_rel_Campo_Evento`, `id_Evento`, `id_Campo_Evento`, `Requerido`, `Ubicacion_Standar`, `Orden`) VALUES (2, 26, 1, 0, NULL, 4);
INSERT INTO `tbl_rel_Campo_Evento` (`id_rel_Campo_Evento`, `id_Evento`, `id_Campo_Evento`, `Requerido`, `Ubicacion_Standar`, `Orden`) VALUES (3, 3, 2, 1, NULL, 1);



#
# Dumping data for table 'tbl_rel_Campo_Evento_Formatos_Importacion'
#

# 0 records

#
# Dumping data for table 'Tecnicos'
#

INSERT INTO `Tecnicos` (`CodHa`, `Unico`, `NombreTecnico`, `Activo`, `ServiciosTotales`, `ServiciosPositivos`, `ServiciosEspera`, `Preñadas1Servicio`, `Preñadas2Servicio`, `Preñadas3Servicio`, `Preñadas4Servicio`, `TecnicoComun`, `ModificadoPor`, `Eliminado`) VALUES ('000001', '          FH', 'FRASNCIS HIDALGO', 1, 182, 42, 56, 24, 8, 6, 4, 1, 'ILVA(28/08/2007)', 0);
INSERT INTO `Tecnicos` (`CodHa`, `Unico`, `NombreTecnico`, `Activo`, `ServiciosTotales`, `ServiciosPositivos`, `ServiciosEspera`, `Preñadas1Servicio`, `Preñadas2Servicio`, `Preñadas3Servicio`, `Preñadas4Servicio`, `TecnicoComun`, `ModificadoPor`, `Eliminado`) VALUES ('000001', '          GQ', 'GABRIEL QUINTERO', 1, 1, 0, 1, 0, 0, 0, 0, 1, 'Convertidor', 0);
INSERT INTO `Tecnicos` (`CodHa`, `Unico`, `NombreTecnico`, `Activo`, `ServiciosTotales`, `ServiciosPositivos`, `ServiciosEspera`, `Preñadas1Servicio`, `Preñadas2Servicio`, `Preñadas3Servicio`, `Preñadas4Servicio`, `TecnicoComun`, `ModificadoPor`, `Eliminado`) VALUES ('000001', '          JC', 'JOSE CAMACHO', 0, 0, 0, 0, 0, 0, 0, 0, 1, 'ILVA(01/10/2007)', 1);

#
# Dumping data for table 'Temporal'
#

INSERT INTO `Temporal` (`Estado`, `Muertes`, `Ventas`, `Sacrificios`, `Compras`, `Nacimientos`, `Robos`, `Donaciones`, `APositivos`, `ANegativos`) VALUES ('Novilla', 0, 0, 0, 0, 0, 0, 0, 0, 0);
INSERT INTO `Temporal` (`Estado`, `Muertes`, `Ventas`, `Sacrificios`, `Compras`, `Nacimientos`, `Robos`, `Donaciones`, `APositivos`, `ANegativos`) VALUES ('Vaca', 8, 0, 0, 0, 0, 0, 0, 0, 0);
INSERT INTO `Temporal` (`Estado`, `Muertes`, `Ventas`, `Sacrificios`, `Compras`, `Nacimientos`, `Robos`, `Donaciones`, `APositivos`, `ANegativos`) VALUES ('Toro', 0, 0, 0, 0, 0, 0, 0, 0, 0);



#
# Dumping data for table 'Temporal_Abortos'
#

# 0 records



#
# Dumping data for table 'Temporal_Calculo20090112102923'
#

INSERT INTO `Temporal_Calculo20090112102923` (`Variable`) VALUES (11.34868);
INSERT INTO `Temporal_Calculo20090112102923` (`Variable`) VALUES (11.2829);
INSERT INTO `Temporal_Calculo20090112102923` (`Variable`) VALUES (11.2829);




#
# Dumping data for table 'Temporal_Movimientos'
#

# 0 records



#
# Dumping data for table 'Temporal_Partos'
#

# 0 records


#
# Dumping data for table 'Temporal_Pesajes'
#

# 0 records


#
# Dumping data for table 'Temporal_Pesos_Corporales'
#

# 0 records

#
# Dumping data for table 'Temporal_Resumen_NV'
#

#
# Dumping data for table 'Temporal_Resumen_Vientres'
#

#
# Dumping data for table 'Temporal_Revision'
#

#
# Dumping data for table 'Temporal_Secados_Destetes'
#

#
# Dumping data for table 'Temporal_Servicios'
#

#
# Dumping data for table 'TemporalAnimalesPorVaquera'
#

INSERT INTO `TemporalAnimalesPorVaquera` (`CodigoUltCambioV`, `Becerra`, `Becerro`, `Maute`, `Mauta`, `Novillo`, `Novilla`, `Toro`, `Vaca`, `Total`, `Descripcion`) VALUES ('   1', '0', '0', '0', '0', NULL, '0', '1', '0', 1, 'Vaquera Eliminada o Mal Configurado ');
INSERT INTO `TemporalAnimalesPorVaquera` (`CodigoUltCambioV`, `Becerra`, `Becerro`, `Maute`, `Mauta`, `Novillo`, `Novilla`, `Toro`, `Vaca`, `Total`, `Descripcion`) VALUES ('   2', '0', '0', '1', '0', NULL, '0', '0', '0', 1, 'Vaquera Eliminada o Mal Configurado ');
INSERT INTO `TemporalAnimalesPorVaquera` (`CodigoUltCambioV`, `Becerra`, `Becerro`, `Maute`, `Mauta`, `Novillo`, `Novilla`, `Toro`, `Vaca`, `Total`, `Descripcion`) VALUES ('  11', '53', '51', '54', '0', NULL, '0', '9', '87', 254, '1era.VAQUERA-PRIMER LOTE ORDEÑO');

#
# Dumping data for table 'TemporalComposicion20081211110451'
#

INSERT INTO `TemporalComposicion20081211110451` (`ID`, `UnicoPadre`, `UnicoMadre`) VALUES (49728, '    15VPS249', '        4228');
# 1 records

#
# Dumping data for table 'TemporalPesajes12Meses'

#
# Dumping data for table 'TemporalServicios'
#

#
# Dumping data for table 'TorosSemenEmbrion'
#

INSERT INTO `TorosSemenEmbrion` (`CodHa`, `Unico`, `Tipo`, `Activo`, `NumeroUnidades`, `MachosNacidos`, `HembrasNacidas`, `ServiciosTotales`, `ServiciosPositivos`, `ServiciosEspera`, `Preñadas1Servicio`, `Preñadas2Servicio`, `Preñadas3Servicio`, `Preñadas4Servicio`, `EdadEmbrion`) VALUES ('000001', '          03', 'Toro', 1, 0, 0, 0, 0, 0, 0, 0, 0, 0, 0, 0);
INSERT INTO `TorosSemenEmbrion` (`CodHa`, `Unico`, `Tipo`, `Activo`, `NumeroUnidades`, `MachosNacidos`, `HembrasNacidas`, `ServiciosTotales`, `ServiciosPositivos`, `ServiciosEspera`, `Preñadas1Servicio`, `Preñadas2Servicio`, `Preñadas3Servicio`, `Preñadas4Servicio`, `EdadEmbrion`) VALUES ('000001', '          04', 'Toro', 1, 0, 0, 0, 0, 0, 0, 0, 0, 0, 0, NULL);
INSERT INTO `TorosSemenEmbrion` (`CodHa`, `Unico`, `Tipo`, `Activo`, `NumeroUnidades`, `MachosNacidos`, `HembrasNacidas`, `ServiciosTotales`, `ServiciosPositivos`, `ServiciosEspera`, `Preñadas1Servicio`, `Preñadas2Servicio`, `Preñadas3Servicio`, `Preñadas4Servicio`, `EdadEmbrion`) VALUES ('000001', '          77', 'Toro', 1, 0, 0, 0, 0, 0, 0, 0, 0, 0, 0, NULL);

#
# Dumping data for table 'Usuarios'
#

INSERT INTO `Usuarios` (`CodUsuario`, `Usuario`, `Clave`, `NivelAcceso`) VALUES ('ARTURO', 'ARTURO LEON', '1026', 99);
INSERT INTO `Usuarios` (`CodUsuario`, `Usuario`, `Clave`, `NivelAcceso`) VALUES ('DEMO', 'DEMO', 'DEMO', 99);
INSERT INTO `Usuarios` (`CodUsuario`, `Usuario`, `Clave`, `NivelAcceso`) VALUES ('GIULIO', 'Giulio Enrico', '5924', 99);

#
# Dumping data for table 'VariablesCierres'
#

INSERT INTO `VariablesCierres` (`Orden`, `Descripcion`, `Tipo`, `Campo1`, `Campo2`, `Campo3`, `Campo4`, `Campo5`, `Campo6`, `Campo7`, `Campo8`, `Campo9`, `Campo10`, `Campo11`, `Campo12`, `Campo13`, `Campo14`, `Campo15`, `Campo16`, `Campo17`, `Campo18`, `Campo19`, `Campo20`, `G1`, `G2`, `G3`, `G4`, `G5`, `G6`, `G7`, `G8`, `G9`, `G10`, `G11`, `G12`, `G13`, `G14`, `G15`, `G16`, `G17`, `G18`, `G19`, `G20`, `G21`, `G22`, `G23`, `G24`, `G25`, `G26`, `G27`, `G28`, `G29`, `G30`, `G31`, `TG`) VALUES (1822, 'Mortinatos de 4to Parto', 210, 'PartosNM4', NULL, NULL, NULL, NULL, NULL, NULL, NULL, NULL, NULL, NULL, NULL, NULL, NULL, NULL, NULL, NULL, NULL, NULL, NULL, 0, 0, 0, 0, 0, 0, 0, 0, 0, 0, 0, 0, 0, 0, 0, 0, 0, 1, 0, 0, 0, 0, 0, 0, 0, 0, 0, 0, 0, 0, 0, 0);
INSERT INTO `VariablesCierres` (`Orden`, `Descripcion`, `Tipo`, `Campo1`, `Campo2`, `Campo3`, `Campo4`, `Campo5`, `Campo6`, `Campo7`, `Campo8`, `Campo9`, `Campo10`, `Campo11`, `Campo12`, `Campo13`, `Campo14`, `Campo15`, `Campo16`, `Campo17`, `Campo18`, `Campo19`, `Campo20`, `G1`, `G2`, `G3`, `G4`, `G5`, `G6`, `G7`, `G8`, `G9`, `G10`, `G11`, `G12`, `G13`, `G14`, `G15`, `G16`, `G17`, `G18`, `G19`, `G20`, `G21`, `G22`, `G23`, `G24`, `G25`, `G26`, `G27`, `G28`, `G29`, `G30`, `G31`, `TG`) VALUES (1823, 'Mortinatos de 5+  Partos', 210, 'PartosNM5', NULL, NULL, NULL, NULL, NULL, NULL, NULL, NULL, NULL, NULL, NULL, NULL, NULL, NULL, NULL, NULL, NULL, NULL, NULL, 0, 0, 0, 0, 0, 0, 0, 0, 0, 0, 0, 0, 0, 0, 0, 0, 0, 1, 0, 0, 0, 0, 0, 0, 0, 0, 0, 0, 0, 0, 0, 0);
INSERT INTO `VariablesCierres` (`Orden`, `Descripcion`, `Tipo`, `Campo1`, `Campo2`, `Campo3`, `Campo4`, `Campo5`, `Campo6`, `Campo7`, `Campo8`, `Campo9`, `Campo10`, `Campo11`, `Campo12`, `Campo13`, `Campo14`, `Campo15`, `Campo16`, `Campo17`, `Campo18`, `Campo19`, `Campo20`, `G1`, `G2`, `G3`, `G4`, `G5`, `G6`, `G7`, `G8`, `G9`, `G10`, `G11`, `G12`, `G13`, `G14`, `G15`, `G16`, `G17`, `G18`, `G19`, `G20`, `G21`, `G22`, `G23`, `G24`, `G25`, `G26`, `G27`, `G28`, `G29`, `G30`, `G31`, `TG`) VALUES (1824, 'Total Partos de Mortinatos', 211, 'PartosNM1', 'PartosNM2', 'PartosNM3', 'PartosNM4', 'PartosNM5', NULL, NULL, NULL, NULL, NULL, NULL, NULL, NULL, NULL, NULL, NULL, NULL, NULL, NULL, NULL, 0, 0, 0, 0, 0, 0, 0, 0, 0, 0, 0, 0, 0, 0, 0, 0, 0, 1, 0, 0, 0, 0, 0, 0, 0, 0, 0, 0, 0, 0, 0, 0);

#
# Dumping data for table 'VariablesReportes'
#

INSERT INTO `VariablesReportes` (`CodVarRep`, `DesVarRep`, `GV1`, `GV2`, `GV3`, `GV4`, `GV5`, `GV6`, `GV7`, `GV8`, `GV9`, `GV10`, `GVE`, `Titulo1`, `Titulo2`, `Decimales`, `TablaOrigen`, `NombreVarRep`, `TipoCalculo`, `TipoVariable`, `Activa`, `Var1`, `Var2`, `Var3`, `Var4`, `TablaVinculada`, `CampoClave`, `AliasTablaVinculada`, `Vientres`, `NoVientres`, `Toros`, `Tecnicos`, `Hacienda`, `PDA`, `PDAObligatorio`, `PDAVista`, `PDAConfiguracionFinal`, `PDATablaDestino`, `DesCortaVarRep`) VALUES ('014950', 'Intervalo 4to-5to Parto (Días)', 0, 0, 0, 0, 0, 0, 1, 0, 0, 0, 0, '4-5 Parto', 'Días', 0, 'ResumenHistoricoReproduccion', 'PartoParto45', 150, 71, 1, NULL, NULL, NULL, NULL, NULL, NULL, NULL, 1, 0, 0, 0, 0, 1, 0, 'Reproducción', 0, 'DatosVientres', 'Días 4to-5to Parto');
INSERT INTO `VariablesReportes` (`CodVarRep`, `DesVarRep`, `GV1`, `GV2`, `GV3`, `GV4`, `GV5`, `GV6`, `GV7`, `GV8`, `GV9`, `GV10`, `GVE`, `Titulo1`, `Titulo2`, `Decimales`, `TablaOrigen`, `NombreVarRep`, `TipoCalculo`, `TipoVariable`, `Activa`, `Var1`, `Var2`, `Var3`, `Var4`, `TablaVinculada`, `CampoClave`, `AliasTablaVinculada`, `Vientres`, `NoVientres`, `Toros`, `Tecnicos`, `Hacienda`, `PDA`, `PDAObligatorio`, `PDAVista`, `PDAConfiguracionFinal`, `PDATablaDestino`, `DesCortaVarRep`) VALUES ('013850', 'Dias al Próximo Secado', 0, 0, 0, 0, 0, 0, 1, 0, 0, 0, 0, 'Días al', 'Prox.Secado', 0, 'ResumenHistoricoReproduccion', 'DiasProximoSecado', 167, 71, 1, 'FechaReporte', 'FecUltServicio+cDiasProximoParto-cDiasSecadoPreParto', NULL, NULL, 'ResumenPesajesDeLeche', NULL, NULL, 1, 0, 0, 0, 0, 1, 0, 'Reproducción', 0, 'DatosVientres', 'Días Próx Secado');
INSERT INTO `VariablesReportes` (`CodVarRep`, `DesVarRep`, `GV1`, `GV2`, `GV3`, `GV4`, `GV5`, `GV6`, `GV7`, `GV8`, `GV9`, `GV10`, `GVE`, `Titulo1`, `Titulo2`, `Decimales`, `TablaOrigen`, `NombreVarRep`, `TipoCalculo`, `TipoVariable`, `Activa`, `Var1`, `Var2`, `Var3`, `Var4`, `TablaVinculada`, `CampoClave`, `AliasTablaVinculada`, `Vientres`, `NoVientres`, `Toros`, `Tecnicos`, `Hacienda`, `PDA`, `PDAObligatorio`, `PDAVista`, `PDAConfiguracionFinal`, `PDATablaDestino`, `DesCortaVarRep`) VALUES ('009050', 'Días Seca  (2da Lact)', 0, 0, 0, 0, 0, 0, 0, 1, 0, 0, 0, 'Días Seca', '2a Lact', 0, 'ResumenHistoricoLactancias', 'DiasSeca2', 150, 71, 1, NULL, NULL, NULL, NULL, NULL, NULL, NULL, 1, 0, 0, 0, 0, 1, 0, 'Producción', 0, 'DatosVientres', 'Días Seca 2da Lact');


